last_name,first_name,player_id,year,player_age,p_game,p_formatted_ip,p_total_pa,p_ab,p_total_hits,p_home_run,p_strikeout,p_walk,p_k_percent,p_bb_percent,batting_avg,slg_percent,on_base_percent,on_base_plus_slg,p_win,p_loss,p_era,xba,xslg,woba,xwoba,xobp,xiso,exit_velocity_avg,launch_angle_avg,sweet_spot_percent,barrel_batted_rate
Wainwright, Adam,425794,2021,39,32,206.1,828,765,168,21,174,50,21,6,0.22,0.352,0.274,0.626,17,7,3.05,0.251,0.388,0.273,0.302,0.305,0.137,88.2,10,34.3,6.2
Greinke, Zack,425844,2021,37,30,171,697,652,164,30,120,36,17.2,5.2,0.252,0.434,0.29,0.724,11,6,4.16,0.266,0.43,0.309,0.32,0.307,0.164,88.3,10.6,35.3,6.5
Morton, Charlie,450203,2021,37,33,185.2,756,669,136,16,216,58,28.6,7.7,0.203,0.309,0.279,0.589,14,6,3.34,0.217,0.332,0.264,0.282,0.296,0.115,88.1,7.7,29.9,4.9
Scherzer, Max,453286,2021,36,30,179.1,693,644,119,23,236,36,34.1,5.2,0.185,0.331,0.238,0.569,15,4,2.46,0.196,0.353,0.248,0.263,0.249,0.157,87.9,19.3,33.6,8
Miley, Wade,489119,2021,34,28,163,690,627,166,17,125,50,18.1,7.2,0.265,0.408,0.317,0.726,12,7,3.37,0.252,0.398,0.317,0.312,0.311,0.146,85.7,8,31.8,6.1
Gibson, Kyle,502043,2021,33,31,182,754,675,158,17,155,64,20.6,8.5,0.234,0.363,0.305,0.668,10,9,3.71,0.241,0.368,0.293,0.302,0.314,0.127,88.8,7.4,30.6,4.9
Darvish, Yu,506433,2021,34,30,166.1,681,623,138,28,199,44,29.2,6.5,0.222,0.429,0.279,0.708,8,11,4.22,0.208,0.376,0.301,0.282,0.269,0.168,88.2,16.6,35.1,8.8
Anderson, Tyler,542881,2021,31,31,167,703,648,170,27,134,38,19.1,5.4,0.262,0.452,0.297,0.749,7,11,4.53,0.259,0.425,0.319,0.315,0.301,0.166,87,18.2,35.7,8.5
Cole, Gerrit,543037,2021,30,30,181.1,726,677,151,24,243,41,33.5,5.6,0.223,0.372,0.267,0.639,16,8,3.23,0.209,0.369,0.276,0.273,0.257,0.16,88.7,12.5,33,9.8
DeSclafani, Anthony,543101,2021,31,31,167.2,676,626,141,19,152,42,22.5,6.2,0.225,0.358,0.274,0.631,13,7,3.17,0.241,0.41,0.276,0.304,0.291,0.169,88.9,11.6,32.7,8.1
Eovaldi, Nathan,543135,2021,31,32,182.1,764,719,182,15,195,35,25.5,4.6,0.253,0.402,0.293,0.695,11,9,3.75,0.238,0.366,0.298,0.283,0.281,0.127,88,12.8,37,6.3
Hendricks, Kyle,543294,2021,31,32,181,785,719,200,31,131,44,16.7,5.6,0.278,0.481,0.327,0.809,14,7,4.77,0.276,0.455,0.345,0.339,0.329,0.179,86.3,11.1,37.4,8.4
Lyles, Jordan,543475,2021,30,32,180,769,697,194,38,146,56,19,7.3,0.278,0.499,0.334,0.833,10,13,5.15,0.275,0.482,0.354,0.351,0.334,0.207,89.9,15.3,35.5,9.1
Ryu, Hyun Jin,547943,2021,34,31,169,701,658,170,24,143,37,20.4,5.3,0.258,0.435,0.298,0.733,14,10,4.37,0.265,0.44,0.313,0.323,0.306,0.175,89.6,9.8,33.7,8.5
Wheeler, Zack,554430,2021,31,32,213.1,849,785,169,16,247,46,29.1,5.4,0.215,0.321,0.263,0.584,14,10,2.78,0.215,0.318,0.257,0.259,0.265,0.103,84.6,8.4,31.2,4.6
Corbin, Patrick,571578,2021,31,31,171.2,751,672,192,37,143,60,19,8,0.286,0.51,0.34,0.85,9,16,5.82,0.282,0.493,0.362,0.358,0.343,0.211,89.4,9,32.9,9.2
Keuchel, Dallas,572971,2021,33,32,162,720,652,189,25,95,59,13.2,8.2,0.29,0.472,0.354,0.827,9,9,5.28,0.302,0.493,0.356,0.372,0.366,0.191,88.3,5,34.4,9
Stroman, Marcus,573186,2021,30,33,179,730,665,161,17,158,44,21.6,6,0.242,0.362,0.29,0.653,10,13,3.02,0.262,0.418,0.284,0.318,0.313,0.156,89.1,6.3,33.6,6.5
Gausman, Kevin,592332,2021,30,33,192,775,715,150,20,227,50,29.3,6.5,0.21,0.345,0.263,0.609,14,6,2.81,0.23,0.381,0.265,0.29,0.283,0.151,89.1,12.1,30.6,7.1
Ray, Robbie,592662,2021,29,32,193.1,773,714,150,33,248,52,32.1,6.7,0.21,0.401,0.266,0.667,13,7,2.84,0.219,0.398,0.287,0.293,0.276,0.18,90.4,17.6,34.3,9.8
Montas, Frankie,593423,2021,28,32,187,778,707,164,20,207,57,26.6,7.3,0.232,0.372,0.293,0.665,13,9,3.37,0.237,0.404,0.29,0.307,0.3,0.167,89.3,11.6,34.4,8.7
Musgrove, Joe,605397,2021,28,32,181.1,748,667,142,22,203,54,27.1,7.2,0.213,0.364,0.286,0.65,11,9,3.18,0.236,0.387,0.284,0.304,0.309,0.151,87.8,11.6,33.8,7.2
Nola, Aaron,605400,2021,28,32,180.2,749,696,165,26,223,39,29.8,5.2,0.237,0.405,0.284,0.69,9,9,4.63,0.223,0.378,0.297,0.283,0.273,0.155,88.9,14.4,33.3,7.1
Woodruff, Brandon,605540,2021,28,30,179.1,708,650,130,18,211,43,29.8,6.1,0.2,0.317,0.254,0.571,9,10,2.56,0.226,0.353,0.252,0.28,0.281,0.127,86.2,10.6,36,5.8
Fried, Max,608331,2021,27,28,165.2,667,612,139,15,158,41,23.7,6.1,0.227,0.353,0.28,0.633,14,7,3.04,0.234,0.364,0.278,0.288,0.289,0.13,86.5,6.1,31.2,6.3
Giolito, Lucas,608337,2021,26,31,178.2,720,662,145,27,201,52,27.9,7.2,0.219,0.394,0.276,0.671,11,9,3.53,0.221,0.362,0.288,0.28,0.278,0.141,87.7,18.3,37.4,6.7
Irvin, Cole,608344,2021,27,32,178.1,768,710,195,23,125,42,16.3,5.5,0.275,0.424,0.32,0.744,10,15,4.24,0.281,0.445,0.323,0.338,0.331,0.164,89.3,16.2,35.9,7.3
Marquez, German,608566,2021,26,32,180,756,682,165,21,176,64,23.3,8.5,0.242,0.389,0.308,0.697,12,11,4.4,0.25,0.39,0.303,0.31,0.319,0.14,88.9,5.2,32.5,5.3
Buehler, Walker,621111,2021,26,33,207.2,815,747,149,19,212,52,26,6.4,0.199,0.329,0.254,0.583,16,4,2.47,0.218,0.345,0.255,0.272,0.274,0.127,88.2,11.1,29.2,6.8
McCullers Jr., Lance,621121,2021,27,28,162.1,684,596,122,13,185,76,27,11.1,0.205,0.324,0.304,0.628,13,5,3.16,0.208,0.315,0.283,0.284,0.308,0.106,89.8,5.1,25.9,5.3
Berrios, Jose,621244,2021,27,32,192,781,714,159,22,204,45,26.1,5.8,0.223,0.38,0.28,0.66,12,9,3.52,0.242,0.407,0.286,0.311,0.301,0.166,88.4,12.4,36.6,9.1
Castillo, Luis,622491,2021,28,33,187.2,803,711,181,19,192,75,23.9,9.3,0.255,0.402,0.328,0.73,8,16,3.98,0.233,0.347,0.318,0.294,0.312,0.115,87.7,4.2,28.7,4.5
Flexen, Chris,623167,2021,26,31,179.2,741,690,185,19,125,40,16.9,5.4,0.268,0.414,0.309,0.724,14,6,3.61,0.261,0.427,0.311,0.317,0.305,0.166,89.5,11.5,33.9,6.3
Urias, Julio,628711,2021,24,32,185.2,745,691,151,19,195,38,26.2,5.1,0.219,0.349,0.263,0.612,20,3,2.96,0.219,0.36,0.266,0.273,0.266,0.141,86,15.5,31.7,5.3
Manaea, Sean,640455,2021,29,32,179.1,754,702,179,25,194,41,25.7,5.4,0.255,0.415,0.304,0.718,11,10,3.91,0.249,0.419,0.31,0.312,0.3,0.17,90.2,13.3,34.5,8
Mahle, Tyler,641816,2021,26,33,180,759,674,158,24,210,64,27.7,8.4,0.234,0.396,0.306,0.702,13,6,3.75,0.229,0.363,0.308,0.298,0.305,0.134,87.8,13.3,34.1,6.5
Alcantara, Sandy,645261,2021,25,33,205.2,837,768,171,21,201,50,24,6,0.223,0.365,0.276,0.641,9,15,3.19,0.232,0.369,0.279,0.288,0.287,0.136,87.6,4.5,29.9,6.1
Cease, Dylan,656302,2021,25,32,165.2,708,623,139,20,226,68,31.9,9.6,0.223,0.364,0.305,0.669,13,7,3.91,0.21,0.364,0.295,0.295,0.297,0.154,89.2,18.5,37,9.9
Burnes, Corbin,669203,2021,26,28,167,657,612,123,7,234,34,35.6,5.2,0.201,0.273,0.248,0.521,11,5,2.43,0.18,0.256,0.232,0.219,0.23,0.076,85.5,8.4,29.5,3.1
Wainwright, Adam,425794,2022,40,32,191.2,803,736,192,16,143,54,17.8,6.7,0.261,0.382,0.315,0.697,11,12,3.71,0.27,0.419,0.306,0.328,0.326,0.148,87.8,11,37.4,6.5
Verlander, Justin,434378,2022,39,28,175,666,625,116,12,185,29,27.8,4.4,0.186,0.27,0.227,0.497,18,4,1.75,0.207,0.331,0.222,0.255,0.248,0.124,87.8,16.9,32.5,6.3
Kluber, Corey,446372,2022,36,31,164,689,650,178,20,139,21,20.2,3,0.274,0.425,0.303,0.728,10,10,4.34,0.261,0.416,0.316,0.31,0.293,0.155,87.1,18.5,35.8,6.9
Morton, Charlie,450203,2022,38,31,172,728,640,149,28,205,63,28.2,8.7,0.233,0.411,0.316,0.727,9,6,4.34,0.225,0.379,0.32,0.309,0.313,0.155,89.3,13.6,36.9,9
Quintana, Jose,500779,2022,33,32,165.2,679,626,154,8,137,47,20.2,6.9,0.246,0.343,0.3,0.644,6,7,2.93,0.257,0.377,0.286,0.305,0.312,0.12,86.5,9.9,34.4,5.5
Gibson, Kyle,502043,2022,34,31,167.2,718,656,176,24,144,48,20.1,6.7,0.268,0.434,0.325,0.759,10,8,5.05,0.262,0.421,0.331,0.326,0.32,0.159,88.6,10.6,34.8,7.5
Darvish, Yu,506433,2022,35,30,194.2,771,715,148,22,197,37,25.6,4.8,0.207,0.331,0.256,0.587,16,8,3.1,0.226,0.388,0.259,0.291,0.275,0.161,88.5,17,31.2,8.8
Kelly, Merrill,518876,2022,33,33,200.1,804,739,167,21,177,61,22,7.6,0.226,0.371,0.286,0.657,13,8,3.37,0.23,0.383,0.289,0.296,0.291,0.153,88.5,14,31.2,8.3
Perez, Martin,527048,2022,31,32,196.1,821,738,178,11,169,69,20.6,8.4,0.241,0.336,0.308,0.644,12,8,2.89,0.242,0.346,0.289,0.295,0.311,0.105,88.2,8.1,30.9,4.3
Anderson, Tyler,542881,2022,32,30,178.2,707,657,145,14,138,34,19.5,4.8,0.221,0.35,0.266,0.616,15,5,2.57,0.225,0.349,0.271,0.275,0.272,0.124,85,16.9,34.2,4.9
Cole, Gerrit,543037,2022,31,33,200.2,793,738,154,33,257,50,32.4,6.3,0.209,0.39,0.26,0.65,13,8,3.5,0.214,0.383,0.283,0.284,0.266,0.169,89.4,12.6,32.5,9.5
Lyles, Jordan,543475,2022,31,32,179,774,710,196,26,144,52,18.6,6.7,0.276,0.454,0.331,0.784,12,11,4.42,0.267,0.452,0.341,0.341,0.325,0.184,88.6,15.3,35.1,10.4
Mikolas, Miles,571945,2022,33,33,202.1,805,751,170,25,153,39,19,4.8,0.226,0.373,0.267,0.64,12,13,3.29,0.252,0.4,0.279,0.306,0.294,0.148,87.8,11,35.1,6.9
Gausman, Kevin,592332,2022,31,31,174.2,725,690,188,15,205,28,28.3,3.9,0.272,0.4,0.299,0.699,12,10,3.35,0.242,0.38,0.304,0.285,0.272,0.138,89,12.2,38.1,8.1
Ray, Robbie,592662,2022,30,32,189,775,705,163,32,212,62,27.4,8,0.231,0.423,0.299,0.722,12,12,3.71,0.22,0.372,0.315,0.294,0.291,0.152,89.9,14.9,33,7.9
Taillon, Jameson,592791,2022,30,32,177.1,728,684,168,26,151,32,20.7,4.4,0.246,0.43,0.282,0.711,14,5,3.91,0.26,0.432,0.308,0.317,0.297,0.172,88.5,14.5,34.5,8.3
Gonzales, Marco,594835,2022,30,32,183,783,717,194,30,103,50,13.2,6.4,0.271,0.457,0.321,0.778,10,15,4.13,0.267,0.435,0.337,0.33,0.32,0.169,86.7,14.5,32.3,7.2
Pivetta, Nick,601713,2022,29,33,179.2,773,691,175,27,175,73,22.6,9.4,0.253,0.425,0.327,0.753,10,12,4.56,0.248,0.433,0.33,0.332,0.324,0.185,90.7,15.2,36.3,9
Bassitt, Chris,605135,2022,33,30,181.2,745,680,159,19,167,49,22.4,6.6,0.234,0.359,0.297,0.655,15,9,3.42,0.228,0.359,0.291,0.29,0.291,0.132,85.7,10.8,31.1,6.6
Musgrove, Joe,605397,2022,29,30,181,740,679,154,22,184,42,24.9,5.7,0.227,0.383,0.284,0.667,10,7,2.93,0.225,0.351,0.292,0.282,0.284,0.126,86.4,11.7,34.7,6
Nola, Aaron,605400,2022,29,32,205,807,766,168,19,235,29,29.1,3.6,0.219,0.347,0.255,0.603,11,13,3.25,0.211,0.34,0.264,0.259,0.248,0.129,87.7,12.5,34.3,7.1
Rodon, Carlos,607074,2022,29,31,178,710,649,131,12,237,52,33.4,7.3,0.202,0.308,0.262,0.57,14,8,2.88,0.198,0.309,0.255,0.254,0.26,0.111,89,19.4,33.6,6.5
Freeland, Kyle,607536,2022,29,31,174.2,766,687,193,19,131,53,17.1,6.9,0.281,0.456,0.342,0.798,9,11,4.53,0.267,0.45,0.346,0.344,0.335,0.183,89.8,12.5,33.2,9.4
Fried, Max,608331,2022,28,30,185.1,733,692,156,12,170,32,23.2,4.4,0.225,0.319,0.262,0.581,14,7,2.48,0.227,0.328,0.255,0.264,0.266,0.101,86.2,7.6,29.4,4
Irvin, Cole,608344,2022,28,30,181,741,693,174,25,128,36,17.3,4.9,0.251,0.416,0.293,0.708,9,13,3.98,0.258,0.451,0.306,0.324,0.301,0.192,89.4,15.5,36.1,9.6
Marquez, German,608566,2022,27,31,181.2,779,704,185,30,150,63,19.3,8.1,0.263,0.467,0.323,0.791,9,13,4.95,0.256,0.424,0.341,0.327,0.321,0.167,90.5,9.1,35.8,7.1
Quantrill, Cal,615698,2022,27,32,186.1,770,702,178,21,128,47,16.6,6.1,0.254,0.389,0.305,0.694,15,5,3.38,0.258,0.417,0.305,0.321,0.313,0.159,87.6,13.8,33.3,7.5
Berrios, Jose,621244,2022,28,32,172,753,692,199,29,149,45,19.8,6,0.288,0.465,0.339,0.804,12,7,5.23,0.275,0.466,0.35,0.346,0.329,0.191,90,13.9,36.3,9.5
Urias, Julio,628711,2022,25,31,175,689,639,127,23,166,41,24.1,6,0.199,0.347,0.251,0.599,17,7,2.16,0.205,0.332,0.263,0.262,0.258,0.128,86.7,17.2,29.6,6.7
Lopez, Pablo,641154,2022,26,32,180,736,671,157,21,174,53,23.6,7.2,0.234,0.404,0.296,0.7,10,10,3.75,0.239,0.378,0.305,0.301,0.302,0.138,87.9,11,33.7,9
Alcantara, Sandy,645261,2022,26,32,228.2,886,820,174,16,207,50,23.4,5.6,0.212,0.324,0.263,0.587,14,9,2.28,0.215,0.331,0.26,0.266,0.268,0.116,87.8,5.5,28.4,5.3
Cease, Dylan,656302,2022,26,32,184,747,663,126,16,227,78,30.4,10.4,0.19,0.306,0.277,0.583,14,8,2.2,0.184,0.292,0.263,0.257,0.273,0.109,86.8,15,31.4,6.2
Montgomery, Jordan,656756,2022,29,32,178.1,724,677,159,21,158,36,21.8,5,0.235,0.384,0.28,0.664,9,6,3.48,0.258,0.4,0.291,0.31,0.303,0.143,88.5,9.8,34.1,7.1
Wright, Kyle,657140,2022,26,30,180.1,738,672,156,19,174,53,23.6,7.2,0.232,0.351,0.295,0.647,21,5,3.19,0.244,0.384,0.288,0.306,0.308,0.139,89,4.4,31.1,6.8
Webb, Logan,657277,2022,25,32,192.1,787,726,174,11,163,49,20.7,6.2,0.24,0.346,0.292,0.638,15,9,2.9,0.247,0.364,0.283,0.295,0.301,0.116,88.9,3.1,29.3,5.5
Ohtani, Shohei,660271,2022,27,28,166,660,610,124,14,219,44,33.2,6.7,0.203,0.316,0.258,0.574,15,9,2.33,0.204,0.311,0.255,0.256,0.26,0.107,87.1,14.5,32,6.3
McKenzie, Triston,663474,2022,24,31,191.1,741,688,138,25,190,44,25.6,5.9,0.201,0.358,0.252,0.61,11,11,2.96,0.221,0.396,0.268,0.293,0.274,0.175,90.2,20.1,35.9,9.6
McClanahan, Shane,663556,2022,25,28,166.1,641,597,116,19,194,38,30.3,5.9,0.194,0.317,0.245,0.562,12,8,2.54,0.204,0.328,0.248,0.259,0.256,0.124,87.7,8.9,30.6,6.2
Valdez, Framber,664285,2022,28,31,201.1,827,745,166,11,194,67,23.5,8.1,0.223,0.305,0.295,0.6,17,6,2.82,0.227,0.33,0.272,0.284,0.301,0.102,89.8,-3.6,24,5.8
Urquidy, Jose,664353,2022,27,29,164.1,681,630,154,29,134,38,19.7,5.6,0.244,0.438,0.292,0.73,13,8,3.94,0.256,0.451,0.316,0.329,0.306,0.194,89.7,17.2,34.7,9.4
Manoah, Alek,666201,2022,24,31,196.2,786,713,144,16,180,51,22.9,6.5,0.202,0.314,0.267,0.581,16,7,2.24,0.224,0.343,0.261,0.284,0.29,0.118,87.5,16.9,33,5.4
Gallen, Zac,668678,2022,26,31,184,714,651,121,15,192,47,26.9,6.6,0.186,0.307,0.252,0.559,12,4,2.54,0.213,0.34,0.25,0.278,0.279,0.127,87.8,10.8,33,7.8
Burnes, Corbin,669203,2022,27,33,202,797,731,144,23,243,51,30.5,6.4,0.197,0.341,0.261,0.602,12,8,2.94,0.212,0.337,0.267,0.273,0.275,0.124,87.2,10,31.6,5.7
Gilbert, Logan,669302,2022,25,32,185.2,766,702,170,19,174,49,22.7,6.4,0.242,0.39,0.294,0.684,13,6,3.2,0.253,0.408,0.299,0.314,0.308,0.155,91,14.6,37.6,7.1
Bieber, Shane,669456,2022,27,31,200,791,747,172,18,198,36,25,4.6,0.23,0.347,0.265,0.612,13,8,2.88,0.245,0.386,0.269,0.292,0.281,0.141,89.9,10,32.4,7.2
Colon, Bartolo,112526,2015,42,33,194.2,815,771,217,25,136,24,16.7,2.9,0.281,0.437,0.301,0.738,14,13,4.16,0.269,0.427,0.316,0.314,0.294,0.159,88.9,11.8,34.1,5.4
Burnett, A.J.,150359,2015,38,26,164,699,633,174,11,143,49,20.5,7,0.275,0.381,0.335,0.715,9,7,3.18,0.261,0.406,0.315,0.323,0.326,0.145,89.8,5.6,30.4,4.8
Buehrle, Mark,279824,2015,36,32,198.2,827,768,214,22,91,33,11,4,0.279,0.44,0.307,0.747,15,8,3.81,0.285,0.457,0.321,0.335,0.319,0.171,87,11.7,33.3,4.9
Sabathia, CC,282332,2015,34,29,167.1,726,659,188,28,137,50,18.9,6.9,0.285,0.458,0.336,0.794,6,10,4.73,0.253,0.378,0.343,0.304,0.311,0.125,87.8,10.7,29.1,4.1
Dickey, R.A.,285079,2015,40,33,214.1,884,798,195,25,126,61,14.3,6.9,0.244,0.405,0.302,0.707,11,11,3.91,0.254,0.398,0.307,0.315,0.315,0.144,87.4,12.5,32.7,4.4
Lackey, John,407793,2015,36,33,218,896,824,211,21,175,53,19.5,5.9,0.256,0.376,0.299,0.675,13,10,2.77,0.244,0.382,0.295,0.295,0.293,0.137,88.3,11.6,30,5.6
Lewis, Colby,407890,2015,35,33,204.2,861,793,211,26,142,42,16.5,4.9,0.266,0.43,0.307,0.737,17,9,4.66,0.267,0.447,0.317,0.329,0.312,0.181,89.4,18.2,35.1,6.8
Harang, Aaron,421685,2015,37,29,172.1,748,681,189,26,108,51,14.4,6.8,0.278,0.47,0.329,0.799,6,15,4.86,0.268,0.467,0.345,0.345,0.326,0.199,90.2,16.6,35.5,7
Greinke, Zack,425844,2015,31,32,222.2,843,790,148,14,200,40,23.7,4.7,0.187,0.276,0.229,0.505,19,3,1.66,0.211,0.318,0.225,0.255,0.255,0.107,87.3,9.8,28.1,4
Haren, Dan,429717,2015,34,32,187.1,768,709,174,31,132,38,17.2,4.9,0.245,0.444,0.286,0.731,11,9,3.6,0.249,0.424,0.315,0.312,0.294,0.175,88.2,20.8,33.4,6.4
Simon, Alfredo,430580,2015,34,31,187,820,729,201,24,117,68,14.3,8.3,0.276,0.466,0.338,0.804,13,12,5.05,0.273,0.457,0.348,0.352,0.343,0.184,89.7,12.6,30.9,6.1
Hamels, Cole,430935,2015,31,32,212.1,880,800,190,22,215,62,24.4,7,0.238,0.369,0.298,0.666,13,8,3.65,0.231,0.352,0.294,0.288,0.295,0.121,87.7,9.7,30.7,4.4
Kazmir, Scott,431148,2015,31,31,183,763,684,162,20,155,59,20.3,7.7,0.237,0.374,0.301,0.676,7,11,3.1,0.247,0.396,0.298,0.317,0.316,0.149,87.4,12.5,35.4,5.2
Danks, John,433579,2015,30,30,177.2,768,695,195,24,124,56,16.1,7.3,0.281,0.466,0.331,0.797,7,15,4.71,0.249,0.402,0.344,0.312,0.308,0.153,87.3,16,32,5.1
Hernandez, Felix,433587,2015,29,31,201.2,826,750,180,23,191,58,23.1,7,0.24,0.381,0.299,0.68,18,9,3.53,0.234,0.352,0.299,0.291,0.297,0.119,88.7,5.5,26.8,4.2
Liriano, Francisco,434538,2015,31,31,186.2,773,695,155,15,205,70,26.5,9.1,0.223,0.332,0.298,0.63,12,7,3.38,0.228,0.343,0.282,0.291,0.304,0.115,85.8,6.5,33.7,4.3
Jimenez, Ubaldo,434622,2015,31,32,184,791,707,182,20,168,68,21.2,8.6,0.257,0.397,0.33,0.727,12,10,4.11,0.241,0.362,0.32,0.305,0.317,0.121,87.8,10,32.2,4.2
Hammel, Jason,434628,2015,32,31,170.2,710,654,158,23,172,40,24.2,5.6,0.242,0.425,0.287,0.712,10,7,3.74,0.254,0.421,0.305,0.315,0.302,0.168,88.8,13.3,37.2,7.1
Kluber, Corey,446372,2015,29,32,222,886,819,189,22,245,45,27.7,5.1,0.231,0.371,0.277,0.648,9,16,3.49,0.228,0.367,0.283,0.284,0.278,0.139,87.9,11.5,33.2,5.6
Shields, James,448306,2015,33,33,202.1,860,763,189,33,216,81,25.1,9.4,0.248,0.45,0.324,0.774,13,7,3.91,0.232,0.381,0.335,0.308,0.313,0.149,89.1,10.9,31.2,5.6
Volquez, Edinson,450172,2015,31,34,200.1,850,758,190,16,155,72,18.2,8.5,0.251,0.372,0.318,0.69,13,9,3.55,0.26,0.412,0.305,0.329,0.33,0.153,88.5,10.3,32.7,5.9
Gallardo, Yovani,451596,2015,29,33,184.1,793,720,193,15,121,68,15.3,8.6,0.268,0.399,0.33,0.729,13,11,3.42,0.272,0.389,0.32,0.323,0.337,0.116,88.2,8.9,33,2.8
Lester, Jon,452657,2015,31,32,205,828,764,183,16,207,47,25,5.7,0.24,0.373,0.286,0.659,11,12,3.34,0.225,0.343,0.289,0.277,0.277,0.118,87.1,9.5,31.3,4.4
Kennedy, Ian,453178,2015,30,30,168.1,713,644,166,31,174,52,24.4,7.3,0.258,0.497,0.316,0.812,9,15,4.28,0.251,0.44,0.347,0.327,0.313,0.189,89.5,14.7,35.6,8.3
Scherzer, Max,453286,2015,30,33,228.2,899,847,176,27,276,34,30.7,3.8,0.208,0.358,0.239,0.597,14,12,2.79,0.202,0.34,0.259,0.253,0.238,0.137,87.1,17.1,33.2,5.8
Arrieta, Jake,453562,2015,29,33,229,870,811,150,10,236,48,27.1,5.5,0.185,0.271,0.234,0.506,22,6,1.77,0.202,0.281,0.225,0.241,0.253,0.079,85.1,4.4,27.6,2.2
Price, David,456034,2015,29,32,220.1,888,826,190,17,225,47,25.3,5.3,0.23,0.35,0.27,0.62,18,5,2.45,0.23,0.355,0.27,0.279,0.275,0.125,87.4,12.7,34.1,4.6
Cueto, Johnny,456501,2015,29,32,212,866,803,194,21,176,46,20.3,5.3,0.242,0.387,0.286,0.674,11,13,3.44,0.243,0.389,0.294,0.3,0.292,0.146,86.7,13.2,31.9,4.9
Happ, J.A.,457918,2015,32,32,172,717,668,173,16,151,45,21.1,6.3,0.259,0.391,0.307,0.698,11,8,3.61,0.254,0.387,0.304,0.304,0.304,0.133,89.4,12.9,34.9,4.6
Lynn, Lance,458681,2015,28,31,175.1,751,667,172,13,167,68,22.2,9.1,0.258,0.378,0.326,0.704,12,11,3.03,0.234,0.372,0.311,0.303,0.313,0.138,88.9,11.9,29,4.9
Pelfrey, Mike,460059,2015,31,30,164.2,714,651,198,11,86,45,12,6.3,0.304,0.413,0.357,0.77,6,11,4.26,0.294,0.433,0.339,0.348,0.351,0.139,88.3,7,33.1,4.6
Gonzalez, Gio,461829,2015,29,31,175.2,758,673,181,8,169,69,22.3,9.1,0.269,0.374,0.335,0.71,11,8,3.79,0.24,0.368,0.312,0.303,0.313,0.128,88.1,6.4,28.9,4.8
Estrada, Marco,462136,2015,31,34,181,725,659,134,24,131,55,18.1,7.6,0.203,0.364,0.268,0.632,13,8,3.13,0.218,0.372,0.276,0.288,0.283,0.155,87.8,20.4,31,5.3
Carrasco, Carlos,471911,2015,28,30,183.2,730,675,154,18,216,43,29.6,5.9,0.228,0.369,0.277,0.646,14,12,3.63,0.213,0.33,0.281,0.265,0.266,0.116,88.7,6.9,28.8,4.5
Anderson, Brett,474463,2015,27,31,180.1,750,697,194,18,116,46,15.5,6.1,0.278,0.402,0.323,0.724,10,9,3.69,0.241,0.37,0.316,0.293,0.291,0.129,88.3,-2.1,24.9,4.1
Ross, Tyson,475115,2015,28,33,196,823,725,172,9,212,84,25.8,10.2,0.237,0.33,0.321,0.65,10,12,3.26,0.212,0.304,0.292,0.277,0.301,0.091,87.4,1.9,25,3.3
Niese, Jonathon,477003,2015,28,33,176.2,770,686,192,20,113,55,14.7,7.1,0.28,0.424,0.332,0.757,9,10,4.13,0.263,0.396,0.333,0.319,0.325,0.133,88.4,5.2,29.8,4.4
Kershaw, Clayton,477132,2015,27,33,232.2,890,839,163,15,301,42,33.8,4.7,0.194,0.284,0.236,0.52,16,7,2.13,0.191,0.273,0.231,0.228,0.235,0.082,85.6,8.8,29,3.3
Cashner, Andrew,488768,2015,28,31,184.2,804,718,200,19,165,66,20.5,8.2,0.279,0.43,0.338,0.769,6,16,4.34,0.244,0.375,0.335,0.307,0.313,0.132,88.8,9.2,30.5,5.1
Miley, Wade,489119,2015,28,32,193.2,831,758,201,17,147,64,17.7,7.7,0.265,0.416,0.324,0.739,11,11,4.46,0.252,0.39,0.323,0.311,0.313,0.138,87.4,7.9,33.8,4.5
Quintana, Jose,500779,2015,26,32,206.1,862,802,218,16,177,44,20.5,5.1,0.272,0.408,0.313,0.721,9,10,3.36,0.263,0.396,0.312,0.308,0.307,0.133,88,9.7,34,4.3
Tillman, Chris,501957,2015,27,31,173,741,660,176,20,120,64,16.2,8.6,0.267,0.43,0.331,0.761,11,11,4.99,0.257,0.411,0.331,0.326,0.326,0.154,89.6,12.9,30.1,5.1
Archer, Chris,502042,2015,26,34,212,868,795,175,19,252,66,29,7.6,0.22,0.331,0.281,0.612,12,13,3.23,0.223,0.347,0.272,0.281,0.285,0.124,89.6,10.9,30.9,4.6
Gibson, Kyle,502043,2015,27,32,194.2,821,737,186,18,145,65,17.7,7.9,0.252,0.381,0.314,0.696,11,11,3.84,0.252,0.39,0.304,0.311,0.318,0.138,88.3,6.2,29,5
Locke, Jeff,502046,2015,27,30,168.1,736,654,179,15,129,60,17.5,8.2,0.274,0.398,0.334,0.732,8,11,4.49,0.251,0.368,0.321,0.306,0.319,0.117,87.4,6.1,30.6,3.5
Samardzija, Jeff,502188,2015,30,32,214,910,836,228,29,163,49,17.9,5.4,0.273,0.446,0.318,0.764,11,13,4.96,0.263,0.413,0.33,0.323,0.314,0.149,88.1,14.5,34.7,5.1
Leake, Mike,502190,2015,27,30,192,778,717,174,22,119,49,15.3,6.3,0.243,0.393,0.29,0.684,11,10,3.7,0.274,0.432,0.296,0.33,0.325,0.158,88.8,6.9,31,5.3
Santiago, Hector,502327,2015,27,33,180.2,776,687,156,29,162,71,20.9,9.1,0.227,0.416,0.305,0.722,9,9,3.59,0.224,0.408,0.313,0.313,0.306,0.184,88.9,22.5,32.6,7.9
Salazar, Danny,517593,2015,25,30,185,757,690,156,23,195,53,25.8,7,0.226,0.387,0.285,0.672,14,10,3.45,0.234,0.389,0.293,0.302,0.294,0.155,89.6,11.4,32.1,6.4
Bumgarner, Madison,518516,2015,25,32,218.1,869,814,181,21,234,39,26.9,4.5,0.222,0.349,0.261,0.61,18,9,2.93,0.227,0.357,0.266,0.277,0.27,0.129,87.5,12.5,31.1,4.8
Harvey, Matt,518774,2015,26,29,189.1,755,703,156,18,188,37,24.9,4.9,0.222,0.344,0.262,0.606,13,8,2.71,0.207,0.317,0.266,0.253,0.252,0.11,87.9,10.9,29.6,3.4
Heston, Chris,518790,2015,27,31,177.2,746,667,169,16,141,64,18.9,8.6,0.253,0.397,0.33,0.727,12,11,3.95,0.249,0.393,0.32,0.321,0.327,0.145,88.5,5.9,29.4,4.9
Nelson, Jimmy,519076,2015,26,30,177.1,752,663,163,18,148,65,19.7,8.6,0.246,0.382,0.32,0.702,11,13,4.11,0.232,0.362,0.309,0.306,0.316,0.13,87,7.3,29.3,4.8
Porcello, Rick,519144,2015,26,28,172,737,682,196,25,149,38,20.2,5.2,0.287,0.455,0.331,0.786,9,15,4.92,0.266,0.43,0.34,0.327,0.314,0.164,88.9,9.2,36.9,5.6
Sale, Chris,519242,2015,26,31,208.2,854,794,185,23,274,42,32.1,4.9,0.233,0.368,0.281,0.649,13,11,3.41,0.209,0.321,0.285,0.26,0.261,0.112,85.9,12.9,32.6,4
Zimmermann, Jordan,519455,2015,29,33,201.2,831,774,204,24,164,39,19.7,4.7,0.264,0.394,0.302,0.696,13,10,3.66,0.257,0.407,0.304,0.308,0.299,0.15,87.4,12.5,33.2,4.2
De La Rosa, Rubby,523989,2015,26,32,188.2,809,729,193,32,150,63,18.5,7.8,0.265,0.457,0.321,0.778,14,9,4.67,0.248,0.398,0.336,0.312,0.31,0.15,88.5,9.4,28.9,6.1
Teheran, Julio,527054,2015,24,33,200.2,843,748,189,27,171,73,20.3,8.7,0.253,0.412,0.321,0.733,11,8,4.04,0.265,0.422,0.322,0.336,0.339,0.157,89.1,13.9,33.7,5.1
Ramirez, Erasmo,541640,2015,25,34,163.1,666,614,145,16,126,40,18.9,6,0.236,0.363,0.291,0.654,11,6,3.75,0.251,0.383,0.289,0.307,0.308,0.132,88.5,10.2,28.2,4.9
Cole, Gerrit,543037,2015,24,32,208,832,765,183,11,202,44,24.3,5.3,0.239,0.336,0.285,0.621,19,8,2.6,0.241,0.37,0.274,0.294,0.291,0.129,88.2,8.7,34.7,4.3
DeSclafani, Anthony,543101,2015,25,31,184.2,785,710,194,17,151,55,19.2,7,0.273,0.414,0.324,0.738,9,13,4.05,0.251,0.39,0.321,0.308,0.311,0.139,88.5,11.8,31.7,4.9
Gray, Sonny,543243,2015,25,31,208,831,765,166,17,169,59,20.3,7.1,0.217,0.316,0.273,0.59,14,7,2.73,0.235,0.362,0.262,0.29,0.29,0.127,88.9,7.7,27.6,4.5
Hendricks, Kyle,543294,2015,25,32,180,739,681,166,17,167,43,22.6,5.8,0.244,0.38,0.294,0.674,8,7,3.95,0.245,0.36,0.296,0.294,0.299,0.115,88,7.2,31.5,3.5
Koehler, Tom,543408,2015,29,32,187.1,800,706,180,22,137,77,17.1,9.6,0.255,0.408,0.329,0.737,11,14,4.08,0.247,0.409,0.323,0.324,0.325,0.162,89.7,11,29.1,5.7
McHugh, Collin,543521,2015,28,32,203.2,859,788,207,19,171,53,19.9,6.2,0.263,0.39,0.313,0.703,19,7,3.89,0.233,0.353,0.308,0.287,0.29,0.12,86.1,12.1,31.9,3.5
Odorizzi, Jake,543606,2015,25,28,169.1,700,644,149,18,150,46,21.4,6.6,0.231,0.396,0.283,0.679,9,9,3.35,0.243,0.418,0.295,0.314,0.297,0.175,88.5,14.8,33.1,6.2
Bauer, Trevor,545333,2015,24,31,176,744,655,152,23,170,79,22.8,10.6,0.232,0.394,0.317,0.711,11,12,4.55,0.229,0.376,0.314,0.31,0.318,0.147,88.1,15.9,31.8,5.9
Ventura, Yordano,570649,2015,24,28,163.1,693,621,154,14,156,58,22.5,8.4,0.248,0.378,0.319,0.697,13,8,4.08,0.24,0.382,0.307,0.313,0.316,0.142,89.1,5.4,30.6,5.3
Fiers, Mike,571666,2015,30,31,180.1,761,680,162,24,180,64,23.7,8.4,0.238,0.407,0.305,0.712,7,10,3.69,0.23,0.388,0.308,0.304,0.303,0.158,87.9,15.7,34.6,5.9
Miller, Shelby,571946,2015,24,33,205.1,860,769,183,13,171,73,19.9,8.5,0.238,0.355,0.305,0.66,6,17,3.02,0.226,0.338,0.29,0.285,0.3,0.112,87.2,10.3,26.6,3.6
Richards, Garrett,572070,2015,27,32,207.1,865,768,181,20,176,76,20.3,8.8,0.236,0.359,0.303,0.662,15,12,3.65,0.226,0.353,0.293,0.294,0.299,0.128,87.3,5.3,27.3,4.9
Keuchel, Dallas,572971,2015,27,33,232,911,854,185,17,216,51,23.7,5.6,0.217,0.314,0.261,0.575,20,8,2.48,0.224,0.319,0.254,0.264,0.27,0.095,85.7,1.1,25.2,3.3
Walker, Taijuan,592836,2015,22,29,169.2,706,648,163,25,157,40,22.2,5.7,0.252,0.415,0.3,0.715,11,8,4.56,0.251,0.428,0.311,0.318,0.301,0.177,89.4,13.9,35,7.6
Martinez, Carlos,593372,2015,23,31,179.2,755,671,168,13,184,63,24.4,8.3,0.25,0.367,0.317,0.683,14,7,3.01,0.229,0.344,0.302,0.29,0.304,0.115,87.2,5.8,28.2,4.6
deGrom, Jacob,594798,2015,27,30,191,751,694,149,16,205,38,27.3,5.1,0.215,0.318,0.252,0.57,14,8,2.54,0.214,0.323,0.251,0.26,0.259,0.108,87.4,12,30.2,4
Wacha, Michael,608379,2015,23,30,181.1,762,687,162,19,153,58,20.1,7.6,0.236,0.373,0.297,0.669,17,7,3.38,0.24,0.374,0.294,0.301,0.307,0.133,87.6,10.4,28.8,4.8
Chen, Wei-Yin,612672,2015,29,31,191.1,792,733,192,28,153,41,19.3,5.2,0.262,0.456,0.301,0.756,11,8,3.34,0.246,0.4,0.325,0.304,0.291,0.154,87.2,15.1,30.2,5.9
Wood, Alex,622072,2015,24,32,189.2,801,720,198,15,139,59,17.4,7.4,0.275,0.392,0.326,0.718,12,12,3.84,0.266,0.398,0.316,0.319,0.325,0.133,88.2,8,31.9,4.3
Colon, Bartolo,112526,2016,43,34,191.2,791,745,200,24,128,32,16.2,4,0.268,0.43,0.297,0.727,15,8,3.43,0.273,0.434,0.311,0.318,0.306,0.161,90,12.2,29.9,5.3
Sabathia, CC,282332,2016,35,30,179.2,768,687,172,22,152,65,19.8,8.5,0.25,0.39,0.32,0.71,9,12,3.91,0.222,0.353,0.312,0.289,0.298,0.131,85.1,9.7,27.5,4.4
Dickey, R.A.,285079,2016,41,30,169.2,728,655,169,28,126,63,17.3,8.7,0.258,0.461,0.327,0.788,10,15,4.46,0.275,0.468,0.338,0.35,0.344,0.193,87.6,12.8,34.7,7.3
Lackey, John,407793,2016,37,29,188.1,748,670,146,23,180,53,24.1,7.1,0.218,0.364,0.278,0.642,11,8,3.35,0.247,0.412,0.28,0.316,0.313,0.165,89.7,14.5,32.6,5.9
Wainwright, Adam,425794,2016,34,33,198.2,847,766,220,22,161,59,19,7,0.287,0.446,0.335,0.782,13,9,4.62,0.275,0.427,0.335,0.329,0.331,0.152,86.9,11.1,37.5,5.9
Santana, Ervin,429722,2016,33,30,181.1,748,685,168,19,149,53,19.9,7.1,0.245,0.381,0.301,0.682,7,11,3.38,0.254,0.412,0.296,0.313,0.312,0.158,88.3,13.1,32.8,5.9
Hamels, Cole,430935,2016,32,32,200.2,848,760,185,24,200,77,23.6,9.1,0.243,0.38,0.318,0.699,15,5,3.32,0.244,0.395,0.307,0.315,0.321,0.151,87.6,8,32,6
Verlander, Justin,434378,2016,33,34,227.2,903,827,171,30,254,57,28.1,6.3,0.207,0.368,0.261,0.629,16,9,3.04,0.206,0.363,0.272,0.274,0.264,0.157,87.9,19.5,29.8,7.5
Liriano, Francisco,434538,2016,32,31,163,731,624,157,26,168,85,23,11.6,0.252,0.426,0.343,0.77,8,13,4.69,0.235,0.386,0.336,0.32,0.335,0.151,88.4,6.4,28.6,6.4
Hammel, Jason,434628,2016,33,30,166.2,692,620,148,25,144,53,20.8,7.7,0.239,0.423,0.303,0.726,15,10,3.83,0.249,0.435,0.315,0.325,0.317,0.186,90,12.4,33.5,7.2
Nolasco, Ricky,445060,2016,33,32,197.2,817,756,202,26,144,44,17.6,5.4,0.267,0.435,0.307,0.742,8,14,4.42,0.262,0.433,0.318,0.318,0.306,0.171,88.7,11.6,33.8,6.4
Kluber, Corey,446372,2016,30,32,215,860,788,170,22,227,57,26.4,6.6,0.216,0.357,0.272,0.629,18,9,3.14,0.223,0.363,0.275,0.282,0.281,0.14,86.7,12,34.4,6
Shields, James,448306,2016,34,33,181.2,822,723,208,40,135,82,16.4,10,0.288,0.527,0.363,0.89,6,19,5.85,0.277,0.481,0.377,0.359,0.356,0.203,88.7,12.9,34.6,8.4
Garcia, Jaime,448802,2016,29,32,171.2,741,668,179,26,150,57,20.2,7.7,0.268,0.448,0.328,0.776,10,13,4.67,0.25,0.399,0.334,0.31,0.315,0.149,88.7,4.5,28.1,5.7
Volquez, Edinson,450172,2016,32,34,189.1,853,758,217,23,139,76,16.3,8.9,0.286,0.439,0.352,0.791,10,11,5.37,0.274,0.454,0.343,0.347,0.346,0.181,88.9,7.4,32.2,6.3
Weaver, Jered,450308,2016,33,31,178,767,704,209,37,103,51,13.4,6.6,0.297,0.517,0.344,0.861,12,12,5.06,0.281,0.496,0.365,0.352,0.332,0.215,88.2,21.1,38.3,7.4
Fister, Doug,450729,2016,32,32,180.1,779,706,195,24,115,62,14.8,8,0.276,0.449,0.339,0.788,12,13,4.64,0.268,0.429,0.34,0.331,0.333,0.161,87.5,10.7,34.2,4.5
Lester, Jon,452657,2016,32,32,202.2,796,730,154,21,197,52,24.7,6.5,0.211,0.334,0.266,0.601,19,5,2.44,0.22,0.34,0.264,0.272,0.278,0.12,87.4,11.6,31.2,4.1
Kennedy, Ian,453178,2016,31,33,195.2,818,733,173,33,184,66,22.5,8.1,0.236,0.413,0.308,0.721,11,11,3.68,0.24,0.433,0.312,0.323,0.313,0.193,89.3,19.3,32.4,7.7
Scherzer, Max,453286,2016,31,34,228.1,902,830,165,31,284,56,31.5,6.2,0.199,0.365,0.252,0.617,20,7,2.96,0.197,0.336,0.267,0.259,0.254,0.138,87.2,19.4,30.8,6.1
Arrieta, Jake,453562,2016,30,31,197.1,795,710,138,16,190,76,23.9,9.6,0.194,0.306,0.277,0.582,18,8,3.1,0.226,0.35,0.261,0.292,0.307,0.124,86.7,6.5,30.8,4.8
Price, David,456034,2016,30,35,230,951,879,227,30,228,50,24,5.3,0.258,0.42,0.299,0.718,17,9,3.99,0.241,0.4,0.309,0.298,0.287,0.159,87.8,11.5,32.4,6.3
Cueto, Johnny,456501,2016,30,32,219.2,881,818,195,15,198,45,22.5,5.1,0.238,0.35,0.281,0.631,18,5,2.79,0.247,0.374,0.276,0.291,0.293,0.127,87.8,10.6,30.2,4.4
Happ, J.A.,457918,2016,33,32,195,796,726,168,22,163,60,20.5,7.5,0.231,0.371,0.294,0.664,20,4,3.18,0.256,0.42,0.291,0.321,0.318,0.164,89.5,12.2,32.1,7.4
Tomlin, Josh,458708,2016,31,30,174,725,694,187,36,118,20,16.3,2.8,0.269,0.487,0.29,0.777,13,9,4.4,0.278,0.482,0.327,0.332,0.301,0.203,87.9,10.7,35.4,7.2
Gonzalez, Gio,461829,2016,30,32,177.1,765,684,179,19,171,59,22.4,7.7,0.262,0.404,0.323,0.726,11,11,4.57,0.251,0.406,0.317,0.316,0.32,0.155,88.7,9.1,31.2,5.9
Estrada, Marco,462136,2016,32,29,176,723,651,132,23,165,65,22.8,9,0.203,0.361,0.278,0.639,9,9,3.48,0.221,0.377,0.279,0.296,0.297,0.156,88.1,21.3,31.9,7.4
Nova, Ivan,467100,2016,29,32,162,684,636,175,23,127,28,18.6,4.1,0.275,0.465,0.31,0.775,12,8,4.17,0.266,0.445,0.33,0.323,0.307,0.18,90.7,5.2,31.9,6.7
Hellickson, Jeremy,476451,2016,29,32,189,772,711,173,24,154,45,19.9,5.8,0.243,0.418,0.29,0.708,12,10,3.71,0.263,0.437,0.304,0.323,0.313,0.174,87.6,14.7,37.4,6.9
Miley, Wade,489119,2016,29,30,166,711,649,187,25,137,49,19.3,6.9,0.288,0.467,0.34,0.807,9,13,5.37,0.277,0.464,0.346,0.345,0.336,0.187,89,9.1,35.1,6.7
Quintana, Jose,500779,2016,27,32,208,837,779,192,22,181,50,21.6,6,0.246,0.393,0.294,0.687,13,12,3.2,0.247,0.375,0.297,0.294,0.296,0.129,88.2,16.2,33.1,4.5
Pineda, Michael,501381,2016,27,32,175.2,756,693,184,27,207,53,27.4,7,0.266,0.462,0.321,0.783,6,12,4.82,0.234,0.41,0.335,0.304,0.294,0.175,89.8,9.5,35.6,6.7
Tillman, Chris,501957,2016,28,30,172,715,636,155,19,140,66,19.6,9.2,0.244,0.412,0.319,0.731,16,6,3.77,0.255,0.422,0.317,0.33,0.332,0.167,89,12.4,34.7,7.8
Archer, Chris,502042,2016,27,33,201.1,850,769,183,30,233,67,27.4,7.9,0.238,0.403,0.298,0.701,9,19,4.02,0.229,0.405,0.304,0.302,0.293,0.176,90.2,10.3,29.7,8.4
Samardzija, Jeff,502188,2016,31,32,203.1,829,764,190,24,167,54,20.1,6.5,0.249,0.412,0.296,0.708,12,11,3.81,0.249,0.416,0.303,0.308,0.299,0.168,88.7,10.9,31.1,6.1
Leake, Mike,502190,2016,28,30,176.2,757,705,203,20,125,30,16.5,4,0.288,0.437,0.317,0.754,9,12,4.69,0.28,0.449,0.323,0.327,0.313,0.17,89,6.2,29.7,6.2
Santiago, Hector,502327,2016,28,33,182,785,690,169,33,144,79,18.3,10.1,0.245,0.449,0.322,0.772,13,10,4.7,0.256,0.487,0.332,0.353,0.336,0.231,89.7,20.1,33,9.3
Bettis, Chad,518452,2016,27,32,186,814,735,204,22,138,59,17,7.2,0.278,0.439,0.332,0.771,14,8,4.79,0.273,0.432,0.332,0.33,0.332,0.159,88.7,6.8,31.1,5.6
Bumgarner, Madison,518516,2016,26,34,226.2,912,841,179,26,251,54,27.5,5.9,0.213,0.354,0.264,0.619,15,9,2.74,0.216,0.372,0.269,0.279,0.27,0.157,88.5,15.5,29.5,6.7
Duffy, Danny,518633,2016,27,42,179.2,731,676,163,27,188,42,25.7,5.7,0.241,0.419,0.29,0.709,12,3,3.51,0.237,0.428,0.305,0.308,0.288,0.191,89.5,15.8,34.8,7.9
Moore, Matt,519043,2016,27,33,198.1,838,752,184,25,178,72,21.2,8.6,0.245,0.38,0.313,0.693,13,12,4.08,0.241,0.414,0.304,0.317,0.314,0.173,88.8,17.1,30.9,6.4
Nelson, Jimmy,519076,2016,27,32,179.1,807,693,186,25,140,86,17.3,10.7,0.268,0.43,0.358,0.788,8,16,4.62,0.247,0.396,0.345,0.327,0.344,0.149,88.8,9.2,27.8,5.5
Pomeranz, Drew,519141,2016,27,31,170.2,703,631,137,22,186,65,26.5,9.2,0.217,0.368,0.289,0.656,11,12,3.32,0.204,0.349,0.286,0.279,0.282,0.144,88.1,11.6,28.4,7.3
Porcello, Rick,519144,2016,27,33,223,890,840,193,23,189,32,21.2,3.6,0.23,0.367,0.267,0.634,22,4,3.15,0.244,0.416,0.274,0.301,0.283,0.172,88.4,13.7,32.8,7
Sale, Chris,519242,2016,27,32,226.2,907,837,190,27,233,45,25.7,5,0.227,0.372,0.278,0.649,17,10,3.34,0.235,0.382,0.282,0.294,0.29,0.147,88.7,14.6,33.5,5.7
Perez, Martin,527048,2016,25,33,198.2,855,758,205,18,103,76,12,8.9,0.27,0.404,0.333,0.737,10,11,4.39,0.288,0.457,0.323,0.354,0.356,0.169,89.6,6.5,31.5,6
Teheran, Julio,527054,2016,25,30,188,758,703,157,22,167,41,22,5.4,0.223,0.376,0.273,0.649,7,10,3.21,0.234,0.406,0.281,0.298,0.285,0.172,88.8,16.2,33.1,6.5
Hendricks, Kyle,543294,2016,26,31,190,745,686,142,15,170,44,22.8,5.9,0.207,0.319,0.26,0.58,16,8,2.13,0.213,0.32,0.254,0.259,0.269,0.108,86.6,10.1,28.9,3.4
Koehler, Tom,543408,2016,30,33,176.2,774,675,176,22,147,83,19,10.7,0.261,0.421,0.341,0.762,9,13,4.33,0.26,0.417,0.33,0.333,0.347,0.157,87.8,12,36.4,6.7
McHugh, Collin,543521,2016,29,33,184.2,796,730,206,25,177,54,22.2,6.8,0.282,0.456,0.333,0.789,13,10,4.34,0.234,0.372,0.338,0.289,0.291,0.138,87,14.3,33.6,4.7
Odorizzi, Jake,543606,2016,26,33,187.2,773,706,170,29,166,54,21.5,7,0.241,0.419,0.295,0.714,10,6,3.69,0.25,0.426,0.306,0.317,0.307,0.176,89.9,16.6,34.6,8.4
Roark, Tanner,543699,2016,29,34,210,855,758,173,17,172,73,20.1,8.5,0.228,0.327,0.303,0.63,16,10,2.83,0.24,0.378,0.282,0.306,0.318,0.138,87.4,8.7,30.5,5.4
Bauer, Trevor,545333,2016,25,35,190,811,721,179,20,168,70,20.7,8.6,0.248,0.393,0.318,0.711,12,8,4.26,0.259,0.407,0.31,0.325,0.334,0.147,89.6,9.9,30.3,5.7
Iwakuma, Hisashi,547874,2016,35,33,199,836,772,218,28,147,46,17.6,5.5,0.282,0.452,0.322,0.774,16,12,4.12,0.275,0.444,0.331,0.329,0.32,0.169,88.7,14.6,33.5,5.8
Tanaka, Masahiro,547888,2016,27,31,199.2,805,759,179,22,165,36,20.5,4.5,0.236,0.373,0.271,0.644,14,4,3.07,0.25,0.388,0.278,0.293,0.288,0.137,88.9,9,31.6,4.3
Ventura, Yordano,570649,2016,25,32,186,816,723,190,23,144,78,17.6,9.6,0.263,0.415,0.338,0.753,11,12,4.45,0.265,0.446,0.329,0.342,0.343,0.181,89.8,8.6,30.2,7.8
Fiers, Mike,571666,2016,31,31,168.2,724,667,187,26,134,42,18.5,5.8,0.28,0.474,0.326,0.8,11,8,4.48,0.274,0.449,0.342,0.332,0.322,0.175,89.8,12.1,35.5,6.1
Keuchel, Dallas,572971,2016,28,26,168,701,648,168,20,144,48,20.5,6.8,0.259,0.424,0.311,0.735,9,12,4.55,0.255,0.395,0.317,0.306,0.308,0.14,88.4,3.8,29.6,6.9
Straily, Dan,573185,2016,27,34,191.1,792,699,154,31,162,73,20.5,9.2,0.22,0.409,0.301,0.71,14,8,3.76,0.242,0.422,0.307,0.324,0.324,0.18,88.9,18.9,35.7,7.5
Stroman, Marcus,573186,2016,25,32,204,855,792,209,21,166,54,19.4,6.3,0.264,0.407,0.312,0.719,9,10,4.37,0.257,0.387,0.312,0.306,0.309,0.13,90.4,0.5,26.5,4.9
Gausman, Kevin,592332,2016,25,30,179.2,757,698,183,28,174,47,23,6.2,0.262,0.43,0.31,0.74,9,12,3.61,0.25,0.421,0.319,0.314,0.303,0.17,88.7,12.6,31.5,7.2
Gray, Jon,592351,2016,24,29,168,712,630,153,18,185,59,26,8.3,0.243,0.386,0.315,0.7,10,10,4.61,0.238,0.386,0.307,0.31,0.317,0.149,88.2,12.4,36,6.2
Ray, Robbie,592662,2016,24,32,174.1,776,694,185,24,218,71,28.1,9.1,0.267,0.431,0.338,0.768,8,15,4.9,0.246,0.407,0.332,0.317,0.322,0.162,89.9,12.3,32.2,6.9
Sanchez, Aaron,592717,2016,23,30,192,790,719,161,15,161,63,20.4,8,0.224,0.335,0.29,0.625,15,2,3,0.251,0.4,0.277,0.313,0.316,0.148,90,4.5,27.5,6.1
Smyly, Drew,592767,2016,27,30,175.1,738,671,174,32,167,49,22.6,6.6,0.259,0.456,0.305,0.761,7,12,4.88,0.233,0.407,0.323,0.3,0.287,0.174,87.8,21.4,34,6.7
Syndergaard, Noah,592789,2016,23,31,183.2,744,692,168,11,218,43,29.3,5.8,0.243,0.351,0.286,0.637,14,9,2.6,0.22,0.324,0.277,0.259,0.267,0.104,87.6,6.4,31.8,3.5
Martinez, Carlos,593372,2016,24,31,195.1,809,724,169,15,174,70,21.5,8.7,0.233,0.333,0.309,0.642,16,9,3.04,0.225,0.329,0.286,0.283,0.304,0.104,87.2,5.8,24.7,3.8
Eickhoff, Jerad,595191,2016,25,33,197.1,811,745,187,30,167,42,20.6,5.2,0.251,0.446,0.292,0.738,11,14,3.65,0.236,0.386,0.313,0.293,0.286,0.149,88.6,15.4,32.8,5.7
Davies, Zach,605200,2016,23,28,163.1,682,631,166,20,135,38,19.8,5.6,0.263,0.418,0.308,0.726,11,7,3.97,0.242,0.376,0.313,0.294,0.294,0.134,87.6,11.4,31.2,5.2
Fernandez, Jose,605228,2016,23,29,182.1,737,664,149,13,253,55,34.3,7.5,0.224,0.336,0.285,0.621,16,8,2.86,0.22,0.329,0.271,0.269,0.285,0.109,89.3,11.6,36.2,3.8
Finnegan, Brandon,605232,2016,23,31,172,734,636,150,29,145,84,19.8,11.4,0.236,0.421,0.324,0.746,10,11,3.98,0.258,0.444,0.324,0.347,0.35,0.186,88.3,13.9,38.9,8
Rodon, Carlos,607074,2016,23,28,165,715,644,176,23,168,54,23.5,7.6,0.273,0.43,0.33,0.76,9,10,4.04,0.246,0.38,0.328,0.303,0.311,0.134,88.9,13.1,32.5,4.5
Graveman, Kendall,608665,2016,25,31,186,786,723,196,22,108,47,13.7,6,0.271,0.415,0.318,0.733,10,11,4.11,0.291,0.461,0.316,0.345,0.34,0.171,89.6,6,30,5.5
Maeda, Kenta,628317,2016,28,32,175.2,716,655,150,20,179,50,25,7,0.229,0.359,0.291,0.649,16,11,3.48,0.224,0.358,0.281,0.281,0.288,0.133,85.7,12.7,34.9,5.4
Wainwright, Adam,425794,2019,37,31,171.2,745,662,181,22,153,64,20.5,8.6,0.273,0.44,0.34,0.779,14,10,4.19,0.265,0.43,0.33,0.329,0.338,0.165,88.9,10.2,32.1,6.5
Greinke, Zack,425844,2019,35,33,208.2,810,767,175,21,187,30,23.1,3.7,0.228,0.364,0.258,0.622,18,5,2.93,0.239,0.39,0.263,0.282,0.271,0.151,87.5,11,34.1,6.3
Verlander, Justin,434378,2019,36,34,223,847,796,137,36,300,42,35.4,5,0.172,0.361,0.218,0.579,21,6,2.58,0.186,0.346,0.243,0.248,0.233,0.16,87.3,18.5,30.1,7.2
Sanchez, Anibal,434671,2019,35,30,166,712,647,153,22,134,58,18.8,8.1,0.236,0.406,0.302,0.708,11,8,3.85,0.251,0.422,0.296,0.313,0.317,0.171,87,14.7,37.8,6.6
Morton, Charlie,450203,2019,35,33,194.2,790,717,154,15,240,57,30.4,7.2,0.215,0.34,0.282,0.623,16,6,3.05,0.216,0.337,0.27,0.274,0.285,0.12,86.9,9.2,34.3,5
Lester, Jon,452657,2019,35,31,171.2,764,698,205,26,165,52,21.6,6.8,0.294,0.47,0.343,0.813,13,10,4.46,0.274,0.456,0.344,0.337,0.329,0.182,88.6,12.2,37.1,7.4
Scherzer, Max,453286,2019,34,27,172.1,693,650,144,18,243,33,35.1,4.8,0.222,0.371,0.266,0.636,11,7,2.92,0.203,0.336,0.269,0.254,0.25,0.133,87.6,13.5,35.2,6.6
Bailey, Homer,456701,2019,33,31,163.1,696,632,162,21,149,53,21.4,7.6,0.256,0.403,0.315,0.718,13,9,4.57,0.262,0.418,0.307,0.319,0.324,0.156,90.3,13.8,30.6,5.7
Lynn, Lance,458681,2019,32,33,208.1,875,801,195,21,246,59,28.1,6.7,0.243,0.39,0.299,0.689,16,11,3.67,0.222,0.372,0.294,0.283,0.282,0.149,87.9,13.8,34,5.9
Nova, Ivan,467100,2019,32,34,187,806,743,225,30,114,47,14.1,5.8,0.303,0.483,0.349,0.832,11,12,4.72,0.295,0.477,0.351,0.352,0.345,0.182,88.8,10.7,34.6,7.2
Anderson, Brett,474463,2019,31,31,176,743,682,181,20,90,49,12.1,6.6,0.265,0.408,0.315,0.723,13,9,3.89,0.283,0.48,0.308,0.347,0.336,0.197,89.6,5,30.5,7.3
Kershaw, Clayton,477132,2019,31,29,178.1,706,654,145,28,189,41,26.8,5.8,0.222,0.394,0.266,0.661,16,5,3.03,0.23,0.393,0.28,0.289,0.279,0.163,88.7,11.8,30.1,6.6
Miley, Wade,489119,2019,32,33,167.1,720,646,164,23,140,61,19.4,8.5,0.254,0.406,0.319,0.725,14,6,3.98,0.245,0.384,0.311,0.307,0.318,0.138,87.5,8.3,29,4.3
Quintana, Jose,500779,2019,30,32,171,745,678,191,20,152,46,20.4,6.2,0.282,0.44,0.321,0.76,13,9,4.68,0.273,0.434,0.321,0.326,0.322,0.161,90,11.1,34.7,5.7
Minor, Mike,501985,2019,31,32,208.1,863,779,190,30,200,68,23.2,7.9,0.244,0.395,0.307,0.702,14,10,3.59,0.228,0.389,0.301,0.298,0.296,0.161,86.9,16.5,31.6,7
Samardzija, Jeff,502188,2019,34,32,181.1,740,677,152,28,140,49,18.9,6.6,0.225,0.411,0.28,0.69,11,12,3.52,0.253,0.465,0.289,0.326,0.309,0.212,89.5,16.9,34.5,8.3
Leake, Mike,502190,2019,31,32,197,835,793,227,41,127,27,15.2,3.2,0.286,0.506,0.316,0.822,12,11,4.29,0.294,0.519,0.341,0.354,0.325,0.225,90.7,11.6,31.4,8.8
Darvish, Yu,506433,2019,32,31,178.2,731,657,140,33,229,56,31.3,7.7,0.213,0.411,0.283,0.694,6,8,3.98,0.223,0.398,0.294,0.298,0.294,0.175,88.6,12.6,32.6,7.4
Bumgarner, Madison,518516,2019,29,34,207.2,844,780,191,30,203,43,24.1,5.1,0.245,0.426,0.289,0.715,9,9,3.9,0.255,0.459,0.3,0.321,0.302,0.205,90.4,18.3,35.9,9
Kelly, Merrill,518876,2019,30,32,183.1,777,709,184,29,158,57,20.3,7.3,0.26,0.447,0.313,0.76,13,14,4.42,0.271,0.493,0.318,0.345,0.327,0.222,89.9,12.5,33.2,9.5
Porcello, Rick,519144,2019,30,32,174.1,768,712,198,31,143,45,18.6,5.9,0.278,0.483,0.324,0.807,14,12,5.52,0.261,0.478,0.338,0.331,0.31,0.217,88.4,15.7,34,9.4
Perez, Martin,527048,2019,28,32,165.1,737,659,184,23,135,67,18.3,9.1,0.279,0.439,0.345,0.783,10,7,5.12,0.245,0.385,0.334,0.306,0.316,0.14,86.2,9.5,33.8,5.3
Teheran, Julio,527054,2019,28,33,174.2,754,645,148,22,162,83,21.5,11,0.229,0.389,0.325,0.714,10,11,3.81,0.24,0.416,0.31,0.327,0.338,0.176,89,15.5,31.2,6.9
Cole, Gerrit,543037,2019,28,33,212.1,817,762,142,29,326,48,39.9,5.9,0.186,0.343,0.236,0.579,20,5,2.5,0.181,0.315,0.246,0.237,0.232,0.135,87.6,14,33.2,5.9
DeSclafani, Anthony,543101,2019,29,31,166.2,696,635,151,29,167,49,24,7,0.238,0.422,0.293,0.715,9,9,3.89,0.233,0.401,0.3,0.297,0.294,0.168,89.1,12.3,33.4,7.1
Gray, Sonny,543243,2019,29,31,175.1,708,622,122,17,205,68,29,9.6,0.196,0.325,0.278,0.603,11,8,2.87,0.209,0.354,0.265,0.286,0.295,0.145,88.1,9.1,30.1,6.8
Hendricks, Kyle,543294,2019,29,30,177,730,675,168,19,150,32,20.5,4.4,0.249,0.397,0.286,0.683,11,10,3.46,0.248,0.393,0.29,0.294,0.29,0.146,86.5,14.2,33.6,5.4
Roark, Tanner,543699,2019,32,31,165.1,722,655,180,28,158,51,21.9,7.1,0.275,0.467,0.338,0.805,10,10,4.35,0.269,0.466,0.34,0.342,0.336,0.197,89,15.5,37.1,8.4
Strasburg, Stephen,544931,2019,30,33,209,841,768,161,24,251,56,29.8,6.7,0.21,0.349,0.27,0.619,18,6,3.32,0.211,0.337,0.265,0.267,0.274,0.126,87.9,7.8,29.8,6.1
Bauer, Trevor,545333,2019,28,34,213,911,800,184,34,253,82,27.8,9,0.23,0.429,0.313,0.742,11,13,4.48,0.223,0.402,0.316,0.31,0.31,0.178,88.7,16.4,33.8,8.6
Tanaka, Masahiro,547888,2019,30,32,182,759,713,186,28,149,40,19.6,5.3,0.261,0.45,0.3,0.751,11,9,4.45,0.26,0.43,0.314,0.314,0.302,0.17,89,11,32.6,6
Ryu, Hyun Jin,547943,2019,32,29,182.2,723,685,160,17,163,24,22.5,3.3,0.234,0.359,0.26,0.619,14,5,2.32,0.249,0.37,0.263,0.281,0.279,0.121,86.6,7.2,32.5,4.7
Wheeler, Zack,554430,2019,29,31,195.1,828,760,196,22,195,50,23.6,6,0.258,0.391,0.3,0.69,11,8,3.96,0.245,0.393,0.294,0.297,0.296,0.148,87,12.3,34.5,5.3
Boyd, Matthew,571510,2019,28,32,185.1,788,721,178,39,238,50,30.2,6.3,0.247,0.465,0.299,0.764,9,12,4.56,0.222,0.41,0.32,0.296,0.281,0.188,89.2,19.5,32.2,8.8
Corbin, Patrick,571578,2019,29,33,202,835,746,169,24,238,70,28.5,8.4,0.227,0.375,0.29,0.665,14,7,3.25,0.228,0.414,0.285,0.304,0.296,0.186,89.9,8.4,31.7,9.4
Fiers, Mike,571666,2019,34,33,184.2,754,683,166,30,126,53,16.7,7,0.243,0.408,0.302,0.711,15,4,3.9,0.26,0.463,0.303,0.336,0.323,0.203,88.1,15.7,31.6,7.2
Mikolas, Miles,571945,2019,30,32,184,764,710,193,27,144,32,18.8,4.2,0.272,0.449,0.31,0.76,9,14,4.16,0.278,0.451,0.319,0.33,0.321,0.173,88.5,10.3,33,6.1
Stroman, Marcus,573186,2019,28,32,184.1,774,711,183,18,159,58,20.5,7.5,0.257,0.384,0.313,0.697,10,13,3.22,0.242,0.37,0.299,0.292,0.3,0.128,88.2,5.6,27.2,4.1
Ray, Robbie,592662,2019,27,33,174.1,747,642,150,30,235,84,31.5,11.2,0.234,0.441,0.32,0.761,12,8,4.34,0.228,0.429,0.322,0.322,0.323,0.201,88.9,14.8,38.9,10.7
Syndergaard, Noah,592789,2019,26,32,197.2,825,758,194,24,202,50,24.5,6.1,0.256,0.41,0.303,0.713,10,8,4.28,0.23,0.365,0.301,0.28,0.281,0.135,86.8,9.8,29.8,4.9
Rodriguez, Eduardo,593958,2019,26,34,203.1,859,770,195,24,213,75,24.8,8.7,0.253,0.391,0.322,0.713,19,6,3.81,0.223,0.376,0.307,0.293,0.298,0.154,86.3,9.3,30.9,5.9
deGrom, Jacob,594798,2019,31,32,204,804,745,154,19,255,44,31.7,5.5,0.207,0.323,0.255,0.578,11,8,2.43,0.201,0.319,0.25,0.25,0.254,0.118,86.5,13.2,31.5,4.8
Gonzales, Marco,594835,2019,27,34,203,866,794,210,23,147,56,17,6.5,0.264,0.422,0.314,0.736,16,13,3.99,0.25,0.401,0.311,0.308,0.309,0.151,88.3,15.1,30.3,4.7
Junis, Jakob,596001,2019,26,31,175.1,771,696,192,31,164,58,21.3,7.5,0.276,0.468,0.339,0.807,9,14,5.24,0.27,0.48,0.34,0.346,0.335,0.21,90.1,12.7,35.4,8.6
Musgrove, Joe,605397,2019,26,32,170.1,718,662,168,21,157,39,21.9,5.4,0.254,0.437,0.301,0.737,11,12,4.44,0.25,0.424,0.309,0.308,0.298,0.174,88.9,11.7,31.6,6.4
Nola, Aaron,605400,2019,26,34,202.1,852,755,176,27,229,80,26.9,9.4,0.233,0.393,0.313,0.707,12,7,3.87,0.235,0.395,0.304,0.31,0.318,0.159,89.2,9.2,32.9,6.8
Fried, Max,608331,2019,25,33,165.2,702,644,174,21,173,47,24.6,6.7,0.27,0.419,0.322,0.741,17,6,4.02,0.247,0.38,0.315,0.297,0.304,0.133,89.2,4.3,32.4,4.4
Giolito, Lucas,608337,2019,24,29,176.2,705,640,131,24,228,57,32.3,8.1,0.205,0.373,0.272,0.646,14,9,3.41,0.215,0.368,0.275,0.283,0.284,0.154,88.1,17.7,37.3,9.4
Marquez, German,608566,2019,24,28,174,721,671,174,29,175,35,24.3,4.9,0.259,0.441,0.297,0.738,12,5,4.76,0.27,0.458,0.311,0.328,0.311,0.188,91.1,7.2,34.2,7.9
Eflin, Zach,621107,2019,25,32,163.1,705,642,172,28,129,48,18.3,6.8,0.268,0.452,0.321,0.772,10,13,4.13,0.248,0.415,0.325,0.307,0.305,0.168,88.2,12,30.1,6.9
Buehler, Walker,621111,2019,24,30,182.1,737,685,153,20,215,37,29.2,5,0.223,0.368,0.267,0.635,14,4,3.26,0.228,0.369,0.27,0.277,0.274,0.141,89.3,12.8,34.5,5.4
Berrios, Jose,621244,2019,25,32,200.1,842,774,194,26,195,51,23.2,6.1,0.251,0.404,0.302,0.706,14,8,3.68,0.245,0.416,0.3,0.304,0.297,0.172,87,13.9,34.2,6.5
Castillo, Luis,622491,2019,26,32,190.2,781,688,139,22,226,79,28.9,10.1,0.202,0.343,0.288,0.631,15,8,3.4,0.205,0.328,0.277,0.278,0.294,0.123,87.2,5.8,26.2,5.1
Lopez, Reynaldo,625643,2019,25,33,184,809,729,203,35,169,65,20.9,8,0.278,0.491,0.341,0.832,10,15,5.38,0.259,0.47,0.349,0.338,0.326,0.21,88.8,17.7,36.3,7.6
Hudson, Dakota,641712,2019,24,33,174.2,757,652,160,22,136,86,18,11.4,0.245,0.403,0.337,0.74,16,7,3.35,0.263,0.422,0.316,0.337,0.356,0.16,89.3,3.3,31.4,6.8
Keller, Brad,641745,2019,23,28,165.1,709,624,154,15,122,70,17.2,9.9,0.247,0.381,0.329,0.71,7,14,4.19,0.257,0.415,0.307,0.329,0.341,0.158,89.1,9.1,32.5,5.9
Alcantara, Sandy,645261,2019,23,32,197.1,838,743,179,23,151,81,18,9.7,0.241,0.397,0.32,0.717,6,14,3.88,0.244,0.424,0.308,0.322,0.325,0.18,87.3,11.8,29.9,6.5
Soroka, Michael,647336,2019,21,29,174.2,701,647,153,14,142,41,20.3,5.8,0.236,0.34,0.287,0.627,13,4,2.68,0.258,0.392,0.272,0.306,0.31,0.133,88.2,6.7,32.4,5.1
Flaherty, Jack,656427,2019,23,33,196.1,772,704,135,25,231,55,29.9,7.1,0.192,0.335,0.255,0.59,11,8,2.75,0.215,0.367,0.254,0.279,0.278,0.151,86.6,15.5,33.4,6.9
Lucchesi, Joey,664192,2019,26,30,163.2,686,619,144,23,158,56,23,8.2,0.233,0.405,0.294,0.7,10,10,4.18,0.227,0.391,0.298,0.297,0.294,0.163,88.3,11.4,30.9,7.2
Bieber, Shane,669456,2019,24,34,214.1,859,810,186,31,259,40,30.2,4.7,0.23,0.393,0.27,0.663,15,8,3.28,0.236,0.421,0.28,0.296,0.278,0.185,90.6,12.6,32.5,8.5
Dickey, R.A.,285079,2017,42,31,190,815,726,193,26,136,67,16.7,8.2,0.266,0.45,0.331,0.782,10,10,4.26,0.257,0.399,0.334,0.318,0.33,0.142,86.2,10.1,30.9,4.3
Lackey, John,407793,2017,38,31,170.2,731,654,165,36,149,53,20.4,7.3,0.252,0.469,0.315,0.784,12,12,4.59,0.268,0.47,0.331,0.344,0.334,0.202,88.2,14.3,34.8,6.8
Greinke, Zack,425844,2017,33,32,202.1,801,749,172,25,215,45,26.8,5.6,0.23,0.387,0.271,0.658,17,7,3.2,0.225,0.395,0.282,0.288,0.27,0.171,87.4,10.2,31.6,7.4
Santana, Ervin,429722,2017,34,33,211.1,864,786,177,31,167,61,19.3,7.1,0.225,0.392,0.285,0.677,16,8,3.28,0.235,0.398,0.291,0.3,0.296,0.163,86,16.1,29.8,5.9
Verlander, Justin,434378,2017,34,33,206,849,768,170,27,219,72,25.8,8.5,0.221,0.37,0.29,0.66,15,8,3.36,0.24,0.42,0.285,0.315,0.31,0.18,87.6,16.4,37.4,7.2
Hammel, Jason,434628,2017,34,32,180.1,804,737,209,26,145,48,18,6,0.284,0.442,0.331,0.773,8,13,5.29,0.278,0.475,0.329,0.345,0.33,0.197,88.2,16.2,35.5,7.1
Nolasco, Ricky,445060,2017,34,33,181,787,716,205,35,143,58,18.2,7.4,0.286,0.508,0.338,0.846,6,15,4.92,0.291,0.518,0.357,0.366,0.346,0.227,90,14.6,36.6,8.4
Kluber, Corey,446372,2017,31,29,203.2,777,732,141,21,265,36,34.1,4.6,0.193,0.321,0.234,0.555,18,4,2.25,0.205,0.325,0.24,0.248,0.247,0.12,85.3,10.5,33.8,5.3
Vargas, Jason,450306,2017,34,32,179.2,756,685,181,27,134,58,17.7,7.7,0.264,0.442,0.323,0.765,18,11,4.16,0.256,0.435,0.326,0.325,0.319,0.179,87.1,14.9,33.8,5.5
Lester, Jon,452657,2017,33,32,180.2,763,691,179,26,180,60,23.6,7.9,0.259,0.43,0.318,0.748,13,8,4.33,0.241,0.392,0.32,0.304,0.307,0.151,86.4,10.3,34.1,5.4
Scherzer, Max,453286,2017,32,31,200.2,780,709,126,22,268,55,34.4,7.1,0.178,0.319,0.246,0.565,16,6,2.51,0.177,0.305,0.247,0.243,0.247,0.128,86.5,19.1,31.4,5.6
Richard, Clayton,453385,2017,33,32,197.1,858,780,240,24,151,59,17.6,6.9,0.308,0.482,0.358,0.84,8,15,4.79,0.278,0.414,0.357,0.326,0.336,0.136,87.4,1.8,29.1,4.4
Arrieta, Jake,453562,2017,31,30,168.1,707,637,150,23,163,55,23.1,7.8,0.235,0.411,0.304,0.715,14,10,3.53,0.24,0.396,0.306,0.305,0.309,0.156,87.4,10.6,31.3,5.6
Lynn, Lance,458681,2017,30,33,186.1,776,676,151,27,153,78,19.7,10.1,0.223,0.395,0.308,0.703,11,8,3.43,0.234,0.398,0.305,0.315,0.324,0.164,86.6,12.2,32.3,5.8
Gonzalez, Gio,461829,2017,31,32,201,827,731,158,21,188,79,22.7,9.6,0.216,0.345,0.295,0.64,15,9,2.96,0.226,0.364,0.281,0.295,0.308,0.138,86.1,11.7,29.5,4.9
Estrada, Marco,462136,2017,33,33,186,806,726,186,31,176,71,21.8,8.8,0.256,0.463,0.321,0.784,10,9,4.98,0.229,0.409,0.333,0.305,0.298,0.179,87,21.8,30.8,7
Nova, Ivan,467100,2017,30,31,187,785,732,203,29,131,36,16.7,4.6,0.277,0.464,0.313,0.778,11,14,4.14,0.282,0.48,0.33,0.341,0.323,0.197,89.4,9.2,34,6.5
Chacin, Jhoulys,468504,2017,29,32,180.1,765,667,157,19,153,72,20,9.4,0.235,0.373,0.318,0.691,13,10,3.89,0.238,0.38,0.302,0.307,0.323,0.142,86.3,9.8,29.1,5.7
Carrasco, Carlos,471911,2017,30,32,200,798,735,173,21,226,46,28.3,5.8,0.235,0.386,0.287,0.673,18,6,3.29,0.235,0.389,0.289,0.295,0.289,0.154,87.4,9.6,34.1,7.4
Hellickson, Jeremy,476451,2017,30,30,164,695,628,160,35,96,47,13.8,6.8,0.255,0.497,0.309,0.806,8,11,5.43,0.277,0.489,0.338,0.351,0.335,0.212,87.8,17.8,35.3,6.4
Kershaw, Clayton,477132,2017,29,27,175,679,641,136,23,202,30,29.7,4.4,0.212,0.357,0.244,0.602,18,4,2.31,0.213,0.364,0.258,0.263,0.249,0.151,85.3,10.3,30.5,6.3
Cashner, Andrew,488768,2017,30,28,166.2,704,624,156,15,86,64,12.2,9.1,0.25,0.365,0.325,0.691,11,11,3.4,0.275,0.403,0.304,0.33,0.349,0.128,87.1,10.6,32.3,3.9
Quintana, Jose,500779,2017,28,32,188.2,790,715,170,23,207,61,26.2,7.7,0.238,0.396,0.305,0.701,11,11,4.15,0.243,0.401,0.301,0.308,0.311,0.159,87.5,11.8,36.1,5.9
Archer, Chris,502042,2017,28,34,201,852,784,193,27,249,60,29.2,7,0.246,0.407,0.303,0.71,10,12,4.07,0.233,0.387,0.306,0.296,0.293,0.154,89.6,12.7,34.8,5.9
Cobb, Alex,502171,2017,29,29,179.1,742,689,175,22,128,44,17.3,5.9,0.254,0.405,0.303,0.708,12,10,3.66,0.27,0.432,0.304,0.324,0.319,0.163,88.2,9.3,31.6,6
Samardzija, Jeff,502188,2017,32,32,207.2,847,801,204,30,205,32,24.2,3.8,0.255,0.447,0.286,0.733,9,15,4.42,0.248,0.425,0.309,0.301,0.281,0.178,87.4,12.4,36.1,6.3
Leake, Mike,502190,2017,29,31,186,782,724,201,20,130,37,16.6,4.7,0.278,0.424,0.316,0.74,10,13,3.92,0.273,0.433,0.316,0.32,0.315,0.16,87.6,6.1,30.9,5.1
Darvish, Yu,506433,2017,30,31,186.2,766,697,159,27,209,58,27.3,7.6,0.228,0.397,0.291,0.689,10,12,3.86,0.233,0.379,0.296,0.295,0.298,0.145,86.2,13.2,35.7,6.3
Moore, Matt,519043,2017,28,32,174.1,790,706,200,27,148,67,18.7,8.5,0.283,0.486,0.347,0.833,6,15,5.52,0.275,0.509,0.354,0.361,0.344,0.234,89.6,15.7,36.4,9
Nelson, Jimmy,519076,2017,28,29,175.1,728,665,171,16,199,48,27.3,6.6,0.257,0.374,0.313,0.688,12,6,3.49,0.233,0.356,0.301,0.285,0.293,0.123,85.9,5.9,32,4
Pomeranz, Drew,519141,2017,28,32,173.2,740,659,166,19,174,69,23.5,9.3,0.252,0.388,0.323,0.711,17,6,3.32,0.247,0.409,0.31,0.317,0.321,0.161,87.9,13,32.7,6.7
Porcello, Rick,519144,2017,28,33,203.1,885,824,236,38,181,48,20.5,5.4,0.286,0.498,0.328,0.825,11,17,4.65,0.27,0.477,0.348,0.337,0.314,0.207,88.2,14.4,36.5,8
Sale, Chris,519242,2017,28,32,214.1,851,794,165,24,308,43,36.2,5.1,0.208,0.349,0.254,0.603,17,8,2.9,0.194,0.337,0.26,0.252,0.243,0.142,86.8,15,35.8,6.1
Perez, Martin,527048,2017,26,32,185,811,735,221,23,115,63,14.2,7.8,0.301,0.453,0.358,0.811,13,12,4.82,0.296,0.469,0.349,0.356,0.357,0.173,87.1,9.8,35.7,5.4
Teheran, Julio,527054,2017,26,32,188.1,812,723,186,31,151,72,18.6,8.9,0.257,0.443,0.326,0.769,11,13,4.49,0.253,0.424,0.33,0.325,0.326,0.171,87.2,13.9,30.6,6.4
Cole, Gerrit,543037,2017,26,33,203,849,784,199,31,196,55,23.1,6.5,0.254,0.434,0.304,0.738,12,12,4.26,0.257,0.428,0.315,0.317,0.309,0.171,86.3,11.1,34,7.6
Gray, Sonny,543243,2017,27,27,162.1,678,615,139,19,153,57,22.6,8.4,0.226,0.374,0.294,0.667,10,12,3.55,0.245,0.404,0.29,0.31,0.312,0.159,87.4,5.4,29.5,6.2
Roark, Tanner,543699,2017,30,32,181.1,776,701,178,23,166,64,21.4,8.2,0.254,0.408,0.32,0.728,13,11,4.67,0.256,0.403,0.313,0.315,0.323,0.147,86.9,10,34.8,5.4
Strasburg, Stephen,544931,2017,28,28,175.1,701,641,131,13,204,47,29.1,6.7,0.204,0.317,0.264,0.581,15,4,2.52,0.204,0.333,0.252,0.263,0.268,0.128,87.3,10.8,28.2,6.1
Bauer, Trevor,545333,2017,26,32,176.1,749,680,181,25,196,60,26.2,8,0.266,0.446,0.328,0.774,17,9,4.19,0.25,0.422,0.332,0.32,0.316,0.172,89.4,9.7,36.1,7.8
Tanaka, Masahiro,547888,2017,28,30,178.1,752,700,180,35,194,41,25.8,5.5,0.257,0.467,0.303,0.77,13,12,4.74,0.247,0.444,0.326,0.315,0.295,0.197,88,8.8,34.6,8.6
Urena, Jose,570632,2017,25,34,169.2,724,638,152,26,113,64,15.6,8.8,0.238,0.415,0.318,0.733,14,7,3.82,0.263,0.462,0.316,0.345,0.344,0.199,86.4,13,34.3,8.6
Corbin, Patrick,571578,2017,27,33,189.2,826,753,208,26,178,61,21.5,7.4,0.276,0.461,0.329,0.79,14,13,4.03,0.264,0.427,0.333,0.32,0.321,0.163,87.9,7.8,30.1,6.7
Straily, Dan,573185,2017,28,33,181.2,769,687,176,31,170,60,22.1,7.8,0.256,0.466,0.313,0.779,10,9,4.26,0.236,0.413,0.33,0.306,0.301,0.178,87.2,18.5,32.4,6.9
Stroman, Marcus,573186,2017,26,33,201,834,762,201,21,164,62,19.7,7.4,0.264,0.392,0.323,0.715,13,9,3.09,0.263,0.394,0.31,0.314,0.323,0.131,88.7,0.6,24.3,5
Gausman, Kevin,592332,2017,26,34,186.2,816,736,208,29,179,71,21.9,8.7,0.283,0.459,0.348,0.807,11,12,4.68,0.272,0.456,0.346,0.344,0.34,0.185,87.7,11.8,37.8,8.2
Ray, Robbie,592662,2017,25,28,162,665,582,116,23,218,71,32.8,10.7,0.199,0.356,0.289,0.644,15,5,2.89,0.215,0.37,0.282,0.297,0.307,0.155,89.9,14.4,31.5,6.2
Martinez, Carlos,593372,2017,25,32,205,858,772,179,27,217,71,25.3,8.3,0.232,0.391,0.301,0.692,12,11,3.64,0.222,0.352,0.299,0.284,0.294,0.131,87,8.1,30.5,4.8
deGrom, Jacob,594798,2017,29,31,201.1,827,758,180,28,239,59,28.9,7.1,0.237,0.389,0.291,0.681,15,10,3.53,0.219,0.349,0.291,0.274,0.278,0.13,86.3,10.8,32.1,5.9
Bundy, Dylan,605164,2017,24,28,169.2,698,633,152,26,152,51,21.8,7.3,0.24,0.42,0.301,0.721,13,9,4.24,0.242,0.441,0.308,0.321,0.306,0.199,88.8,19.4,34.2,7.8
Davies, Zach,605200,2017,24,33,191.1,817,741,204,20,124,55,15.2,6.7,0.275,0.424,0.328,0.752,17,9,3.9,0.287,0.43,0.323,0.336,0.345,0.143,86.2,7.4,34,4
Fulmer, Michael,605242,2017,24,25,164.2,676,617,150,13,114,40,16.9,5.9,0.243,0.35,0.293,0.643,10,12,3.83,0.259,0.407,0.279,0.31,0.31,0.148,86.1,9.4,32.5,4.9
Nola, Aaron,605400,2017,24,27,168,693,640,154,18,184,49,26.6,7.1,0.241,0.383,0.296,0.679,12,11,3.54,0.224,0.36,0.293,0.279,0.281,0.136,85.7,9,33.4,5
Perdomo, Luis,606131,2017,24,29,163.2,716,638,182,17,118,65,16.5,9.1,0.285,0.426,0.356,0.782,8,11,4.67,0.27,0.42,0.339,0.335,0.346,0.15,88,1.1,26.5,5
Wacha, Michael,608379,2017,25,30,165.2,701,636,170,17,158,55,22.5,7.8,0.267,0.409,0.325,0.734,12,9,4.13,0.25,0.391,0.316,0.305,0.312,0.141,87.2,9.8,32.4,5.6
Marquez, German,608566,2017,22,29,162,701,634,174,25,147,49,21,7,0.274,0.473,0.33,0.803,11,7,4.39,0.258,0.434,0.341,0.324,0.319,0.176,88.7,9.1,31.3,7.1
Blach, Ty,621389,2017,26,34,163.2,692,633,179,17,73,43,10.5,6.2,0.283,0.439,0.322,0.761,8,12,4.78,0.289,0.447,0.326,0.336,0.335,0.158,86.9,9.9,32.7,3.7
Severino, Luis,622663,2017,23,31,193.1,783,720,150,21,230,51,29.4,6.5,0.208,0.338,0.264,0.602,14,6,2.98,0.215,0.339,0.263,0.271,0.274,0.124,87.2,8,29.7,6.1
Greinke, Zack,425844,2018,34,33,207.2,839,784,181,28,199,43,23.7,5.1,0.231,0.39,0.274,0.664,15,11,3.21,0.245,0.406,0.286,0.303,0.29,0.161,87.9,10.4,35.4,6.4
Hamels, Cole,430935,2018,34,32,190.2,806,715,176,29,188,65,23.3,8.1,0.246,0.422,0.323,0.745,9,12,3.78,0.255,0.423,0.325,0.332,0.333,0.167,88.6,10.9,34.4,7.5
Verlander, Justin,434378,2018,35,34,214,833,781,156,28,290,37,34.8,4.4,0.2,0.36,0.241,0.601,16,9,2.52,0.184,0.309,0.259,0.237,0.229,0.124,88.5,22.1,31.1,6.2
Kluber, Corey,446372,2018,32,33,215,842,801,179,25,222,34,26.4,4,0.223,0.367,0.257,0.624,20,7,2.89,0.227,0.369,0.27,0.277,0.263,0.142,87.9,11.3,32.1,6.3
Shields, James,448306,2018,36,34,204.2,871,775,190,34,154,78,17.7,9,0.245,0.435,0.318,0.753,7,16,4.53,0.262,0.466,0.326,0.35,0.336,0.204,88.6,16.6,35.9,8.3
Morton, Charlie,450203,2018,34,30,167,695,609,130,18,201,64,28.9,9.2,0.213,0.356,0.302,0.658,15,3,3.13,0.205,0.326,0.293,0.284,0.299,0.121,87.5,7.7,32,5.8
Lester, Jon,452657,2018,34,32,181.2,761,681,174,24,149,64,19.6,8.4,0.256,0.41,0.321,0.73,18,6,3.32,0.268,0.449,0.319,0.343,0.337,0.181,88.7,13.7,38.9,6.6
LeBlanc, Wade,453281,2018,33,32,162,662,614,151,24,130,40,19.6,6,0.246,0.419,0.293,0.712,9,5,3.72,0.251,0.434,0.306,0.318,0.3,0.183,87.4,16.1,36.2,9
Scherzer, Max,453286,2018,33,33,220.2,866,797,150,23,300,51,34.6,5.9,0.188,0.332,0.246,0.578,18,7,2.53,0.185,0.316,0.252,0.248,0.245,0.131,86.6,20.7,33.8,6.6
Arrieta, Jake,453562,2018,32,31,172.2,724,649,165,21,138,57,19.1,7.9,0.254,0.407,0.316,0.723,10,11,3.96,0.249,0.392,0.315,0.312,0.315,0.143,87.8,8.6,32.9,5.6
Price, David,456034,2018,32,30,176,722,657,151,25,177,50,24.5,6.9,0.23,0.399,0.292,0.691,16,7,3.58,0.24,0.409,0.3,0.313,0.303,0.17,88.7,14.7,33.2,7
Happ, J.A.,457918,2018,35,31,177.2,733,668,150,27,193,51,26.3,7,0.225,0.389,0.286,0.676,17,6,3.65,0.227,0.4,0.295,0.302,0.29,0.174,88.4,15.4,30.9,8.8
Gonzalez, Gio,461829,2018,32,32,171,746,652,167,17,148,80,19.8,10.7,0.256,0.399,0.334,0.733,10,11,4.21,0.255,0.412,0.32,0.329,0.337,0.157,87.7,11.2,35.1,5.8
Chacin, Jhoulys,468504,2018,30,35,192.2,796,697,153,18,156,71,19.6,8.9,0.22,0.357,0.295,0.652,15,8,3.5,0.246,0.402,0.287,0.32,0.325,0.156,88.8,13.2,32.8,6.5
Carrasco, Carlos,471911,2018,31,32,192,784,726,173,21,231,43,29.5,5.5,0.238,0.384,0.283,0.667,17,10,3.38,0.228,0.371,0.288,0.283,0.278,0.143,89.7,9.8,32.9,6
Quintana, Jose,500779,2018,29,32,174.1,739,658,162,25,158,68,21.4,9.2,0.246,0.418,0.315,0.733,13,11,4.03,0.247,0.415,0.319,0.321,0.32,0.168,89.4,12.4,33.7,6.1
Gibson, Kyle,502043,2018,30,32,196.2,826,733,177,23,179,79,21.7,9.6,0.241,0.385,0.315,0.699,10,13,3.62,0.251,0.392,0.306,0.319,0.327,0.141,87.8,7.9,30.9,5.7
Leake, Mike,502190,2018,30,31,185.2,784,739,207,23,119,34,15.2,4.3,0.28,0.447,0.315,0.762,10,10,4.36,0.298,0.471,0.326,0.348,0.333,0.173,89.7,8.5,35.4,6.7
Holland, Derek,502706,2018,31,36,171.1,727,640,154,19,169,67,23.2,9.2,0.241,0.405,0.309,0.714,7,9,3.57,0.239,0.401,0.309,0.312,0.314,0.163,88.4,14.7,34.1,6.6
Porcello, Rick,519144,2018,29,33,191.1,808,735,177,27,190,48,23.5,5.9,0.241,0.399,0.298,0.697,17,7,4.28,0.243,0.403,0.303,0.311,0.304,0.16,89,12.4,33.8,7
Teheran, Julio,527054,2018,27,31,175.2,724,623,122,26,162,84,22.4,11.6,0.196,0.374,0.297,0.671,9,9,3.94,0.231,0.407,0.295,0.324,0.33,0.176,88.7,15.5,34.5,7.2
Anderson, Tyler,542881,2018,28,32,176,737,665,165,30,164,59,22.3,8,0.248,0.448,0.308,0.756,7,9,4.55,0.229,0.375,0.323,0.296,0.295,0.146,87.6,16,35.8,5.7
Cole, Gerrit,543037,2018,27,32,200.1,799,723,143,19,276,64,34.5,8,0.198,0.332,0.268,0.6,15,5,2.88,0.198,0.336,0.265,0.271,0.27,0.139,89.1,15.8,35.8,6.2
Hendricks, Kyle,543294,2018,28,33,199,812,745,184,22,161,44,19.8,5.4,0.247,0.391,0.292,0.682,14,11,3.44,0.243,0.389,0.295,0.3,0.294,0.145,86.4,10.3,32.6,5.7
Odorizzi, Jake,543606,2018,28,32,164.1,711,625,151,20,162,70,22.8,9.8,0.242,0.419,0.322,0.741,7,10,4.49,0.245,0.425,0.322,0.332,0.332,0.181,89.1,21.4,35.2,7.4
Roark, Tanner,543699,2018,31,31,180.1,760,690,181,24,146,50,19.2,6.6,0.262,0.422,0.317,0.739,9,15,4.34,0.255,0.418,0.319,0.318,0.313,0.163,87.8,14.5,32.7,6
Bauer, Trevor,545333,2018,27,28,175.1,717,645,134,9,221,57,30.8,7.9,0.208,0.302,0.279,0.581,12,6,2.21,0.197,0.307,0.26,0.26,0.271,0.11,87.8,12,33,4.4
Wheeler, Zack,554430,2018,28,29,182.1,744,668,150,14,179,55,24.1,7.4,0.225,0.32,0.288,0.608,12,7,3.31,0.219,0.334,0.272,0.278,0.287,0.115,86.1,11.3,32.9,4.8
Urena, Jose,570632,2018,26,31,174,712,640,155,19,130,51,18.3,7.2,0.242,0.381,0.306,0.687,9,12,3.98,0.249,0.394,0.298,0.311,0.317,0.144,88.5,9.3,30.3,6.2
Boyd, Matthew,571510,2018,27,31,170.1,709,639,146,27,159,51,22.4,7.2,0.228,0.41,0.293,0.703,9,13,4.39,0.209,0.37,0.305,0.287,0.28,0.161,87.4,22.3,34.4,6.1
Corbin, Patrick,571578,2018,28,33,200,800,742,162,15,246,48,30.8,6,0.218,0.337,0.269,0.606,11,7,3.15,0.233,0.362,0.265,0.283,0.284,0.129,88.4,7.8,31.1,5.8
Fiers, Mike,571666,2018,33,31,172,714,666,166,32,139,37,19.5,5.2,0.249,0.45,0.296,0.746,12,8,3.56,0.255,0.48,0.319,0.337,0.302,0.226,89.8,16.8,33.2,10.4
Heaney, Andrew,571760,2018,27,30,180,749,689,171,27,180,45,24,6,0.248,0.419,0.299,0.719,9,10,4.15,0.244,0.408,0.31,0.311,0.299,0.164,87.7,12.4,36.2,7.8
Mikolas, Miles,571945,2018,29,32,200.2,808,760,186,16,146,29,18.1,3.6,0.245,0.35,0.275,0.625,18,4,2.83,0.245,0.379,0.271,0.286,0.279,0.134,86.7,8.2,31.5,5.1
Keuchel, Dallas,572971,2018,30,34,204.2,874,802,211,18,153,58,17.5,6.6,0.263,0.393,0.31,0.703,12,11,3.74,0.247,0.362,0.305,0.293,0.298,0.116,87.3,4.5,29,4.5
Foltynewicz, Mike,592314,2018,26,31,183,744,666,130,17,202,68,27.2,9.1,0.195,0.324,0.274,0.599,13,10,2.85,0.202,0.33,0.265,0.274,0.283,0.128,88.6,13.9,30.8,6.9
Gausman, Kevin,592332,2018,27,31,183.2,776,715,189,26,148,50,19.1,6.4,0.264,0.436,0.317,0.753,10,11,3.92,0.269,0.446,0.324,0.333,0.322,0.177,89,10.8,33.5,7.4
Gray, Jon,592351,2018,26,31,172.1,743,677,180,27,183,52,24.6,7,0.266,0.451,0.32,0.771,12,9,5.12,0.246,0.392,0.332,0.307,0.305,0.146,89.8,9.7,31.9,5.8
Taillon, Jameson,592791,2018,26,32,191,785,727,179,20,179,46,22.8,5.9,0.246,0.385,0.294,0.679,14,10,3.2,0.238,0.373,0.294,0.29,0.289,0.135,87.8,10.4,35,4.3
Williams, Trevor,592866,2018,26,31,170.2,701,632,146,15,126,55,18,7.8,0.231,0.364,0.292,0.656,14,10,3.11,0.248,0.395,0.287,0.309,0.312,0.147,86.9,14.1,34.3,5.8
deGrom, Jacob,594798,2018,30,32,217,835,776,152,10,269,46,32.2,5.5,0.196,0.277,0.243,0.52,10,9,1.7,0.2,0.289,0.23,0.243,0.251,0.089,86.3,11.2,32.2,4.1
Gonzales, Marco,594835,2018,26,29,166.2,686,643,172,17,145,32,21.1,4.7,0.267,0.414,0.306,0.72,13,9,4,0.262,0.406,0.311,0.311,0.303,0.144,88.5,10.4,37.8,5.4
Junis, Jakob,596001,2018,25,30,177,758,688,182,32,164,43,21.6,5.7,0.265,0.455,0.317,0.772,9,12,4.37,0.248,0.432,0.331,0.324,0.307,0.185,88.7,13.8,34.5,8.6
Pivetta, Nick,601713,2018,25,33,164,694,624,163,24,188,51,27.1,7.3,0.261,0.423,0.316,0.739,7,14,4.77,0.218,0.372,0.322,0.29,0.283,0.154,88.8,10.9,33,7.8
Bundy, Dylan,605164,2018,25,31,171.2,750,685,188,41,184,54,24.5,7.2,0.274,0.523,0.331,0.853,8,16,5.45,0.245,0.44,0.363,0.324,0.305,0.196,89.3,17.4,37.9,8.5
Clevinger, Mike,605182,2018,27,32,200,810,737,164,21,207,67,25.6,8.3,0.223,0.365,0.29,0.655,13,8,3.02,0.214,0.354,0.288,0.283,0.284,0.14,87,14.3,32,5.6
Nola, Aaron,605400,2018,25,33,212.1,831,756,149,17,224,58,27,7,0.197,0.311,0.258,0.568,17,6,2.37,0.202,0.315,0.251,0.258,0.265,0.113,87.1,9.1,27.9,4.6
Snell, Blake,605483,2018,25,31,180.2,700,630,112,16,221,64,31.6,9.1,0.178,0.3,0.253,0.553,21,5,1.89,0.202,0.342,0.246,0.275,0.277,0.139,87.5,10.7,33.1,7.2
Freeland, Kyle,607536,2018,25,33,202.1,844,757,182,17,173,70,20.5,8.3,0.24,0.358,0.306,0.664,17,7,2.85,0.239,0.374,0.292,0.3,0.306,0.135,86.8,12,30.9,5
Giolito, Lucas,608337,2018,23,32,173.1,775,664,166,27,125,90,16.1,11.6,0.25,0.444,0.35,0.794,10,13,6.13,0.256,0.433,0.345,0.348,0.357,0.177,88.7,13.3,30.5,7
Marquez, German,608566,2018,23,33,196,817,742,179,24,230,57,28.2,7,0.241,0.398,0.299,0.696,14,11,3.77,0.224,0.355,0.3,0.282,0.286,0.131,89.5,9.2,31.5,5.6
Berrios, Jose,621244,2018,24,32,192.1,797,717,159,25,202,61,25.3,7.7,0.222,0.372,0.292,0.665,12,11,3.84,0.224,0.366,0.292,0.295,0.298,0.142,87.3,14.3,28.8,6
Castillo, Luis,622491,2018,25,31,169.2,708,645,158,28,165,49,23.3,6.9,0.245,0.431,0.299,0.73,10,12,4.3,0.245,0.426,0.314,0.318,0.303,0.181,88.8,9.6,33.7,8.8
Severino, Luis,622663,2018,24,32,191.1,780,726,173,19,220,46,28.2,5.9,0.238,0.379,0.287,0.666,19,8,3.39,0.24,0.394,0.29,0.299,0.289,0.154,88.4,11.7,36.7,7.7
Lopez, Reynaldo,625643,2018,24,32,188.2,799,705,165,25,151,75,18.9,9.4,0.234,0.4,0.313,0.713,7,10,3.91,0.253,0.433,0.31,0.335,0.332,0.18,88.3,19.6,37.5,7.3
Godley, Zack,643327,2018,28,33,178.1,791,682,177,16,185,81,23.4,10.2,0.26,0.389,0.341,0.73,15,11,4.74,0.255,0.403,0.322,0.334,0.345,0.148,89.7,7.5,33.3,6.4
Newcomb, Sean,656794,2018,25,31,164,696,607,137,18,160,81,23,11.6,0.226,0.362,0.315,0.677,12,9,3.9,0.221,0.348,0.3,0.297,0.313,0.128,87.6,13,32.2,4.2
