Name,Age,Tm,G,IP,WAR,Salary,Name-additional,Year,last_name,first_name,NonWhite,player_id,year,player_age,p_game,p_formatted_ip,p_total_pa,p_ab,p_total_hits,p_home_run,p_strikeout,p_walk,p_k_percent,p_bb_percent,batting_avg,slg_percent,on_base_percent,on_base_plus_slg,p_win,p_loss,p_era,xba,xslg,woba,xwoba,xobp,xiso,exit_velocity_avg,launch_angle_avg,sweet_spot_percent,barrel_batted_rate,BIRTHDATE,BIRTH CITY,BIRTH STATE,BIRTH COUNTRY,PLAY DEBUT,debut,ServiceTime,International,ln_Salary
AARONHARANG,37,PHI,29,172.1,0.4,5000000,haranaa01,2015,Harang, Aaron,1,421685,2015,37,29,172.1,748,681,189,26,108,51,14.4,6.8,0.278,0.47,0.329,0.799,6,15,4.86,0.268,0.467,0.345,0.345,0.326,0.199,90.2,16.6,35.5,7.0,5/9/1978,San Diego,California,USA,5/25/2002,5/25/2002,13,False,15.424948470398375
AARONNOLA,26,PHI,34,202.1,3.6,4500000,nolaaa01,2019,Nola, Aaron,0,605400,2019,26,34,202.1,852,755,176,27,229,80,26.9,9.4,0.233,0.393,0.313,0.707,12,7,3.87,0.235,0.395,0.304,0.31,0.318,0.159,89.2,9.2,32.9,6.8,6/4/1993,Baton Rouge,Louisiana,USA,7/21/2015,7/21/2015,4,False,15.319587954740548
AARONNOLA,28,PHI,32,180.2,2.5,12250000,nolaaa01,2021,Nola, Aaron,0,605400,2021,28,32,180.2,749,696,165,26,223,39,29.8,5.2,0.237,0.405,0.284,0.69,9,9,4.63,0.223,0.378,0.297,0.283,0.273,0.155,88.9,14.4,33.3,7.1,6/4/1993,Baton Rouge,Louisiana,USA,7/21/2015,7/21/2015,6,False,16.32103649495501
AARONNOLA,29,PHI,32,205.0,5.9,15500000,nolaaa01,2022,Nola, Aaron,0,605400,2022,29,32,205.0,807,766,168,19,235,29,29.1,3.6,0.219,0.347,0.255,0.603,11,13,3.25,0.211,0.34,0.264,0.259,0.248,0.129,87.7,12.5,34.3,7.1,6/4/1993,Baton Rouge,Louisiana,USA,7/21/2015,7/21/2015,7,False,16.556350581889475
ADAMWAINWRIGHT,34,STL,33,198.2,1.3,19500000,wainwad01,2016,Wainwright, Adam,0,425794,2016,34,33,198.2,847,766,220,22,161,59,19.0,7.0,0.287,0.446,0.335,0.782,13,9,4.62,0.275,0.427,0.335,0.329,0.331,0.152,86.9,11.1,37.5,5.9,8/30/1981,Brunswick,Georgia,USA,9/11/2005,9/11/2005,11,False,16.785925023533974
ADAMWAINWRIGHT,37,STL,31,171.2,1.7,2000000,wainwad01,2019,Wainwright, Adam,0,425794,2019,37,31,171.2,745,662,181,22,153,64,20.5,8.6,0.273,0.44,0.34,0.779,14,10,4.19,0.265,0.43,0.33,0.329,0.338,0.165,88.9,10.2,32.1,6.5,8/30/1981,Brunswick,Georgia,USA,9/11/2005,9/11/2005,14,False,14.508657738524219
ADAMWAINWRIGHT,39,STL,32,206.1,3.8,8000000,wainwad01,2021,Wainwright, Adam,0,425794,2021,39,32,206.1,828,765,168,21,174,50,21.0,6.0,0.22,0.352,0.274,0.626,17,7,3.05,0.251,0.388,0.273,0.302,0.305,0.137,88.2,10.0,34.3,6.2,8/30/1981,Brunswick,Georgia,USA,9/11/2005,9/11/2005,16,False,15.89495209964411
ADAMWAINWRIGHT,40,STL,32,191.2,1.9,17500000,wainwad01,2022,Wainwright, Adam,0,425794,2022,40,32,191.2,803,736,192,16,143,54,17.8,6.7,0.261,0.382,0.315,0.697,11,12,3.71,0.27,0.419,0.306,0.328,0.326,0.148,87.8,11.0,37.4,6.5,8/30/1981,Brunswick,Georgia,USA,9/11/2005,9/11/2005,17,False,16.67771143889374
AJBURNETT,38,PIT,26,164.0,2.6,8500000,burnea.01,2015,Burnett, A.J.,0,150359,2015,38,26,164.0,699,633,174,11,143,49,20.5,7.0,0.275,0.381,0.335,0.715,9,7,3.18,0.261,0.406,0.315,0.323,0.326,0.145,89.8,5.6,30.4,4.8,1/3/1977,North Little Rock,Arkansas,USA,8/17/1999,8/17/1999,16,False,15.955576721460545
ALEXCOBB,29,TBR,29,179.1,2.8,4200000,cobbal01,2017,Cobb, Alex,0,502171,2017,29,29,179.1,742,689,175,22,128,44,17.3,5.9,0.254,0.405,0.303,0.708,12,10,3.66,0.27,0.432,0.304,0.324,0.319,0.163,88.2,9.3,31.6,6.0,10/7/1987,Boston,Massachusetts,USA,5/1/2011,5/1/2011,6,False,15.250595083253597
ALFREDOSIMON,34,DET,31,187.0,-0.4,5550000,simonal01,2015,Simon, Alfredo,1,430580,2015,34,31,187.0,820,729,201,24,117,68,14.3,8.3,0.276,0.466,0.338,0.804,13,12,5.05,0.273,0.457,0.348,0.352,0.343,0.184,89.7,12.6,30.9,6.1,5/8/1981,Santiago,Santiago,Dominican Republic,9/6/2008,9/6/2008,7,True,15.529308485722618
ANDREWCASHNER,28,SDP,31,184.2,-0.9,4050000,cashnan01,2015,Cashner, Andrew,0,488768,2015,28,31,184.2,804,718,200,19,165,66,20.5,8.2,0.279,0.43,0.338,0.769,6,16,4.34,0.244,0.375,0.335,0.307,0.313,0.132,88.8,9.2,30.5,5.1,9/11/1986,Conroe,Texas,USA,5/31/2010,5/31/2010,5,False,15.214227439082721
ANDREWCASHNER,30,TEX,28,166.2,4.6,10000000,cashnan01,2017,Cashner, Andrew,0,488768,2017,30,28,166.2,704,624,156,15,86,64,12.2,9.1,0.25,0.365,0.325,0.691,11,11,3.4,0.275,0.403,0.304,0.33,0.349,0.128,87.1,10.6,32.3,3.9,9/11/1986,Conroe,Texas,USA,5/31/2010,5/31/2010,7,False,16.11809565095832
ANIBALSANCHEZ,35,WSN,30,166.0,3.1,6000000,sanchan01,2019,Sanchez, Anibal,1,434671,2019,35,30,166.0,712,647,153,22,134,58,18.8,8.1,0.236,0.406,0.302,0.708,11,8,3.85,0.251,0.422,0.296,0.313,0.317,0.171,87.0,14.7,37.8,6.6,2/27/1984,Maracay,Aragua,Venezuela,6/25/2006,6/25/2006,13,True,15.60727002719233
ANTHONYDESCLAFANI,29,CIN,31,166.2,3.3,2125000,desclan01,2019,DeSclafani, Anthony,0,543101,2019,29,31,166.2,696,635,151,29,167,49,24.0,7.0,0.238,0.422,0.293,0.715,9,9,3.89,0.233,0.401,0.3,0.297,0.294,0.168,89.1,12.3,33.4,7.1,4/18/1990,Freehold,New Jersey,USA,5/14/2014,5/14/2014,5,False,14.569282360340654
ANTHONYDESCLAFANI,31,SFG,31,167.2,4.3,6000000,desclan01,2021,DeSclafani, Anthony,0,543101,2021,31,31,167.2,676,626,141,19,152,42,22.5,6.2,0.225,0.358,0.274,0.631,13,7,3.17,0.241,0.41,0.276,0.304,0.291,0.169,88.9,11.6,32.7,8.1,4/18/1990,Freehold,New Jersey,USA,5/14/2014,5/14/2014,7,False,15.60727002719233
BARTOLOCOLON,42,NYM,33,194.2,1.3,11000000,colonba01,2015,Colon, Bartolo,1,112526,2015,42,33,194.2,815,771,217,25,136,24,16.7,2.9,0.281,0.437,0.301,0.738,14,13,4.16,0.269,0.427,0.316,0.314,0.294,0.159,88.9,11.8,34.1,5.4,5/24/1973,Altamira,Puerto Plata,Dominican Republic,4/4/1997,4/4/1997,18,True,16.213405830762646
BARTOLOCOLON,43,NYM,34,191.2,3.0,7250000,colonba01,2016,Colon, Bartolo,1,112526,2016,43,34,191.2,791,745,200,24,128,32,16.2,4.0,0.268,0.43,0.297,0.727,15,8,3.43,0.273,0.434,0.311,0.318,0.306,0.161,90.0,12.2,29.9,5.3,5/24/1973,Altamira,Puerto Plata,Dominican Republic,4/4/1997,4/4/1997,19,True,15.796512026830857
BRANDONWOODRUFF,28,MIL,30,179.1,5.3,3275000,woodrbr01,2021,Woodruff, Brandon,0,605540,2021,28,30,179.1,708,650,130,18,211,43,29.8,6.1,0.2,0.317,0.254,0.571,9,10,2.56,0.226,0.353,0.252,0.28,0.281,0.127,86.2,10.6,36.0,5.8,2/10/1993,Tupelo,Mississippi,USA,8/4/2017,8/4/2017,4,False,15.001828427051489
BRETTANDERSON,27,LAD,31,180.1,1.5,10000000,anderbr04,2015,Anderson, Brett,0,474463,2015,27,31,180.1,750,697,194,18,116,46,15.5,6.1,0.278,0.402,0.323,0.724,10,9,3.69,0.241,0.37,0.316,0.293,0.291,0.129,88.3,-2.1,24.9,4.1,2/1/1988,Midland,Texas,USA,4/10/2009,4/10/2009,6,False,16.11809565095832
BRETTANDERSON,31,OAK,31,176.0,2.9,1500000,anderbr04,2019,Anderson, Brett,0,474463,2019,31,31,176.0,743,682,181,20,90,49,12.1,6.6,0.265,0.408,0.315,0.723,13,9,3.89,0.283,0.48,0.308,0.347,0.336,0.197,89.6,5.0,30.5,7.3,2/1/1988,Midland,Texas,USA,4/10/2009,4/10/2009,10,False,14.22097566607244
CALQUANTRILL,27,CLE,32,186.1,2.0,2510000,quantca01,2022,Quantrill, Cal,0,615698,2022,27,32,186.1,770,702,178,21,128,47,16.6,6.1,0.254,0.389,0.305,0.694,15,5,3.38,0.258,0.417,0.305,0.321,0.313,0.159,87.6,13.8,33.3,7.5,2/10/1995,Port Hope,Ontario,Canada,5/1/2019,5/1/2019,3,True,14.735793311107967
CARLOSCARRASCO,28,CLE,30,183.2,3.9,2337500,carraca01,2015,Carrasco, Carlos,1,471911,2015,28,30,183.2,730,675,154,18,216,43,29.6,5.9,0.228,0.369,0.277,0.646,14,12,3.63,0.213,0.33,0.281,0.265,0.266,0.116,88.7,6.9,28.8,4.5,3/21/1987,Barquisimeto,Lara,Venezuela,9/1/2009,9/1/2009,6,True,14.664592540144978
CARLOSCARRASCO,30,CLE,32,200.0,5.2,6500000,carraca01,2017,Carrasco, Carlos,1,471911,2017,30,32,200.0,798,735,173,21,226,46,28.3,5.8,0.235,0.386,0.287,0.673,18,6,3.29,0.235,0.389,0.289,0.295,0.289,0.154,87.4,9.6,34.1,7.4,3/21/1987,Barquisimeto,Lara,Venezuela,9/1/2009,9/1/2009,8,True,15.687312734865866
CARLOSCARRASCO,31,CLE,32,192.0,4.0,8000000,carraca01,2018,Carrasco, Carlos,1,471911,2018,31,32,192.0,784,726,173,21,231,43,29.5,5.5,0.238,0.384,0.283,0.667,17,10,3.38,0.228,0.371,0.288,0.283,0.278,0.143,89.7,9.8,32.9,6.0,3/21/1987,Barquisimeto,Lara,Venezuela,9/1/2009,9/1/2009,9,True,15.89495209964411
CARLOSMARTINEZ,25,STL,32,205.0,3.0,3700000,martica04,2017,Martinez, Carlos,1,593372,2017,25,32,205.0,858,772,179,27,217,71,25.3,8.3,0.232,0.391,0.301,0.692,12,11,3.64,0.222,0.352,0.299,0.284,0.294,0.131,87.0,8.1,30.5,4.8,9/21/1991,Puerto Plata,Puerto Plata,Dominican Republic,5/3/2013,5/3/2013,4,True,15.123843377614453
CARLOSRODON,29,SFG,31,178.0,5.4,21500000,rodonca01,2022,Rodon, Carlos,1,607074,2022,29,31,178.0,710,649,131,12,237,52,33.4,7.3,0.202,0.308,0.262,0.57,14,8,2.88,0.198,0.309,0.255,0.254,0.26,0.111,89.0,19.4,33.6,6.5,12/10/1992,Miami,Florida,USA,4/21/2015,4/21/2015,7,False,16.883563493097892
CCSABATHIA,34,NYY,29,167.1,1.1,23000000,sabatc.01,2015,Sabathia, CC,1,282332,2015,34,29,167.1,726,659,188,28,137,50,18.9,6.9,0.285,0.458,0.336,0.794,6,10,4.73,0.253,0.378,0.343,0.304,0.311,0.125,87.8,10.7,29.1,4.1,7/21/1980,Vallejo,California,USA,4/8/2001,4/8/2001,14,False,16.951004773893423
CCSABATHIA,35,NYY,30,179.2,3.1,25000000,sabatc.01,2016,Sabathia, CC,1,282332,2016,35,30,179.2,768,687,172,22,152,65,19.8,8.5,0.25,0.39,0.32,0.71,9,12,3.91,0.222,0.353,0.312,0.289,0.298,0.131,85.1,9.7,27.5,4.4,7/21/1980,Vallejo,California,USA,4/8/2001,4/8/2001,15,False,17.034386382832476
CHARLIEMORTON,34,HOU,30,167.0,3.4,7000000,mortoch02,2018,Morton, Charlie,0,450203,2018,34,30,167.0,695,609,130,18,201,64,28.9,9.2,0.213,0.356,0.302,0.658,15,3,3.13,0.205,0.326,0.293,0.284,0.299,0.121,87.5,7.7,32.0,5.8,11/12/1983,Flemington,New Jersey,USA,6/14/2008,6/14/2008,10,False,15.761420707019587
CHARLIEMORTON,35,TBR,33,194.2,4.9,15000000,mortoch02,2019,Morton, Charlie,0,450203,2019,35,33,194.2,790,717,154,15,240,57,30.4,7.2,0.215,0.34,0.282,0.623,16,6,3.05,0.216,0.337,0.27,0.274,0.285,0.12,86.9,9.2,34.3,5.0,11/12/1983,Flemington,New Jersey,USA,6/14/2008,6/14/2008,11,False,16.523560759066484
CHARLIEMORTON,37,ATL,33,185.2,3.9,15000000,mortoch02,2021,Morton, Charlie,0,450203,2021,37,33,185.2,756,669,136,16,216,58,28.6,7.7,0.203,0.309,0.279,0.589,14,6,3.34,0.217,0.332,0.264,0.282,0.296,0.115,88.1,7.7,29.9,4.9,11/12/1983,Flemington,New Jersey,USA,6/14/2008,6/14/2008,13,False,16.523560759066484
CHARLIEMORTON,38,ATL,31,172.0,1.6,20000000,mortoch02,2022,Morton, Charlie,0,450203,2022,38,31,172.0,728,640,149,28,205,63,28.2,8.7,0.233,0.411,0.316,0.727,9,6,4.34,0.225,0.379,0.32,0.309,0.313,0.155,89.3,13.6,36.9,9.0,11/12/1983,Flemington,New Jersey,USA,6/14/2008,6/14/2008,14,False,16.811242831518264
CHRISARCHER,26,TBR,34,212.0,3.9,1166667,archech01,2015,Archer, Chris,1,502042,2015,26,34,212.0,868,795,175,19,252,66,29.0,7.6,0.22,0.331,0.281,0.612,12,13,3.23,0.223,0.347,0.272,0.281,0.285,0.124,89.6,10.9,30.9,4.6,9/26/1988,Raleigh,North Carolina,USA,6/20/2012,6/20/2012,3,False,13.969661523505778
CHRISARCHER,27,TBR,33,201.1,2.0,2916666,archech01,2016,Archer, Chris,1,502042,2016,27,33,201.1,850,769,183,30,233,67,27.4,7.9,0.238,0.403,0.298,0.701,9,19,4.02,0.229,0.405,0.304,0.302,0.293,0.176,90.2,10.3,29.7,8.4,9/26/1988,Raleigh,North Carolina,USA,6/20/2012,6/20/2012,4,False,14.885951741094233
CHRISARCHER,28,TBR,34,201.0,1.8,4916666,archech01,2017,Archer, Chris,1,502042,2017,28,34,201.0,852,784,193,27,249,60,29.2,7.0,0.246,0.407,0.303,0.71,10,12,4.07,0.233,0.387,0.306,0.296,0.293,0.154,89.6,12.7,34.8,5.9,9/26/1988,Raleigh,North Carolina,USA,6/20/2012,6/20/2012,5,False,15.408141216488763
CHRISBASSITT,33,NYM,30,181.2,3.2,8650000,bassich01,2022,Bassitt, Chris,0,605135,2022,33,30,181.2,745,680,159,19,167,49,22.4,6.6,0.234,0.359,0.297,0.655,15,9,3.42,0.228,0.359,0.291,0.29,0.291,0.132,85.7,10.8,31.1,6.6,2/22/1989,Toledo,Ohio,USA,8/30/2014,8/30/2014,8,False,15.973069878908062
CHRISFLEXEN,26,SEA,31,179.2,3.4,1700000,flexech01,2021,Flexen, Chris,1,623167,2021,26,31,179.2,741,690,185,19,125,40,16.9,5.4,0.268,0.414,0.309,0.724,14,6,3.61,0.261,0.427,0.311,0.317,0.305,0.166,89.5,11.5,33.9,6.3,7/1/1994,Newark,California,USA,7/27/2017,7/27/2017,4,False,14.346138809026444
CHRISSALE,26,CHW,31,208.2,3.4,6000000,salech01,2015,Sale, Chris,0,519242,2015,26,31,208.2,854,794,185,23,274,42,32.1,4.9,0.233,0.368,0.281,0.649,13,11,3.41,0.209,0.321,0.285,0.26,0.261,0.112,85.9,12.9,32.6,4.0,3/30/1989,Lakeland,Florida,USA,8/6/2010,8/6/2010,5,False,15.60727002719233
CHRISSALE,27,CHW,32,226.2,4.9,9150000,salech01,2016,Sale, Chris,0,519242,2016,27,32,226.2,907,837,190,27,233,45,25.7,5.0,0.227,0.372,0.278,0.649,17,10,3.34,0.235,0.382,0.282,0.294,0.29,0.147,88.7,14.6,33.5,5.7,3/30/1989,Lakeland,Florida,USA,8/6/2010,8/6/2010,6,False,16.029264437251705
CHRISSALE,28,BOS,32,214.1,5.9,12000000,salech01,2017,Sale, Chris,0,519242,2017,28,32,214.1,851,794,165,24,308,43,36.2,5.1,0.208,0.349,0.254,0.603,17,8,2.9,0.194,0.337,0.26,0.252,0.243,0.142,86.8,15.0,35.8,6.1,3/30/1989,Lakeland,Florida,USA,8/6/2010,8/6/2010,7,False,16.300417207752275
CHRISTILLMAN,27,BAL,31,173.0,0.5,4315000,tillmch01,2015,Tillman, Chris,0,501957,2015,27,31,173.0,741,660,176,20,120,64,16.2,8.6,0.267,0.43,0.331,0.761,11,11,4.99,0.257,0.411,0.331,0.326,0.326,0.154,89.6,12.9,30.1,5.1,4/15/1988,Anaheim,California,USA,7/29/2009,7/29/2009,6,False,15.277607882499666
CHRISTILLMAN,28,BAL,30,172.0,3.5,6225000,tillmch01,2016,Tillman, Chris,0,501957,2016,28,30,172.0,715,636,155,19,140,66,19.6,9.2,0.244,0.412,0.319,0.731,16,6,3.77,0.255,0.422,0.317,0.33,0.332,0.167,89.0,12.4,34.7,7.8,4/15/1988,Anaheim,California,USA,7/29/2009,7/29/2009,7,False,15.644084000315045
CLAYTONKERSHAW,27,LAD,33,232.2,7.3,32571429,kershcl01,2015,Kershaw, Clayton,0,477132,2015,27,33,232.2,890,839,163,15,301,42,33.8,4.7,0.194,0.284,0.236,0.52,16,7,2.13,0.191,0.273,0.231,0.228,0.235,0.082,85.6,8.8,29.0,3.3,3/19/1988,Dallas,Texas,USA,5/25/2008,5/25/2008,7,False,17.298946051021296
CLAYTONKERSHAW,29,LAD,27,175.0,4.9,35571429,kershcl01,2017,Kershaw, Clayton,0,477132,2017,29,27,175.0,679,641,136,23,202,30,29.7,4.4,0.212,0.357,0.244,0.602,18,4,2.31,0.213,0.364,0.258,0.263,0.249,0.151,85.3,10.3,30.5,6.3,3/19/1988,Dallas,Texas,USA,5/25/2008,5/25/2008,9,False,17.387053317421863
CLAYTONKERSHAW,31,LAD,29,178.1,3.3,31000000,kershcl01,2019,Kershaw, Clayton,0,477132,2019,31,29,178.1,706,654,145,28,189,41,26.8,5.8,0.222,0.394,0.266,0.661,16,5,3.03,0.23,0.393,0.28,0.289,0.279,0.163,88.7,11.8,30.1,6.6,3/19/1988,Dallas,Texas,USA,5/25/2008,5/25/2008,11,False,17.24949776244942
CLAYTONRICHARD,33,SDP,32,197.1,0.6,1750000,richacl01,2017,Richard, Clayton,0,453385,2017,33,32,197.1,858,780,240,24,151,59,17.6,6.9,0.308,0.482,0.358,0.84,8,15,4.79,0.278,0.414,0.357,0.326,0.336,0.136,87.4,1.8,29.1,4.4,9/12/1983,Lafayette,Indiana,USA,7/23/2008,7/23/2008,9,False,14.375126345899696
COLBYLEWIS,35,TEX,33,204.2,1.0,4000000,lewisco01,2015,Lewis, Colby,0,407890,2015,35,33,204.2,861,793,211,26,142,42,16.5,4.9,0.266,0.43,0.307,0.737,17,9,4.66,0.267,0.447,0.317,0.329,0.312,0.181,89.4,18.2,35.1,6.8,8/2/1979,Bakersfield,California,USA,4/1/2002,4/1/2002,13,False,15.201804919084164
COLEHAMELS,31,2TM,32,212.1,4.3,23500000,hamelco01,2015,Hamels, Cole,0,430935,2015,31,32,212.1,880,800,190,22,215,62,24.4,7.0,0.238,0.369,0.298,0.666,13,8,3.65,0.231,0.352,0.294,0.288,0.295,0.121,87.7,9.7,30.7,4.4,12/27/1983,San Diego,California,USA,5/12/2006,5/12/2006,9,False,16.972510979114386
COLEHAMELS,32,TEX,32,200.2,5.2,23500000,hamelco01,2016,Hamels, Cole,0,430935,2016,32,32,200.2,848,760,185,24,200,77,23.6,9.1,0.243,0.38,0.318,0.699,15,5,3.32,0.244,0.395,0.307,0.315,0.321,0.151,87.6,8.0,32.0,6.0,12/27/1983,San Diego,California,USA,5/12/2006,5/12/2006,10,False,16.972510979114386
COLEHAMELS,34,2TM,32,190.2,3.6,23500000,hamelco01,2018,Hamels, Cole,0,430935,2018,34,32,190.2,806,715,176,29,188,65,23.3,8.1,0.246,0.422,0.323,0.745,9,12,3.78,0.255,0.423,0.325,0.332,0.333,0.167,88.6,10.9,34.4,7.5,12/27/1983,San Diego,California,USA,5/12/2006,5/12/2006,12,False,16.972510979114386
CORBINBURNES,27,MIL,33,202.0,4.0,6500000,burneco01,2022,Burnes, Corbin,0,669203,2022,27,33,202.0,797,731,144,23,243,51,30.5,6.4,0.197,0.341,0.261,0.602,12,8,2.94,0.212,0.337,0.267,0.273,0.275,0.124,87.2,10.0,31.6,5.7,10/22/1994,Bakersfield,California,USA,7/10/2018,7/10/2018,4,False,15.687312734865866
COREYKLUBER,29,CLE,32,222.0,4.3,1200000,klubeco01,2015,Kluber, Corey,0,446372,2015,29,32,222.0,886,819,189,22,245,45,27.7,5.1,0.231,0.371,0.277,0.648,9,16,3.49,0.228,0.367,0.283,0.284,0.278,0.139,87.9,11.5,33.2,5.6,4/10/1986,Birmingham,Alabama,USA,9/1/2011,9/1/2011,4,False,13.997832114758229
COREYKLUBER,30,CLE,32,215.0,5.6,4700000,klubeco01,2016,Kluber, Corey,0,446372,2016,30,32,215.0,860,788,170,22,227,57,26.4,6.6,0.216,0.357,0.272,0.629,18,9,3.14,0.223,0.363,0.275,0.282,0.281,0.14,86.7,12.0,34.4,6.0,4/10/1986,Birmingham,Alabama,USA,9/1/2011,9/1/2011,5,False,15.363073066680286
COREYKLUBER,31,CLE,29,203.2,7.9,7700000,klubeco01,2017,Kluber, Corey,0,446372,2017,31,29,203.2,777,732,141,21,265,36,34.1,4.6,0.193,0.321,0.234,0.555,18,4,2.25,0.205,0.325,0.24,0.248,0.247,0.12,85.3,10.5,33.8,5.3,4/10/1986,Birmingham,Alabama,USA,9/1/2011,9/1/2011,6,False,15.856730886823913
COREYKLUBER,32,CLE,33,215.0,6.0,10700000,klubeco01,2018,Kluber, Corey,0,446372,2018,32,33,215.0,842,801,179,25,222,34,26.4,4.0,0.223,0.367,0.257,0.624,20,7,2.89,0.227,0.369,0.27,0.277,0.263,0.142,87.9,11.3,32.1,6.3,4/10/1986,Birmingham,Alabama,USA,9/1/2011,9/1/2011,7,False,16.185754299432134
COREYKLUBER,36,TBR,31,164.0,0.8,8000000,klubeco01,2022,Kluber, Corey,0,446372,2022,36,31,164.0,689,650,178,20,139,21,20.2,3.0,0.274,0.425,0.303,0.728,10,10,4.34,0.261,0.416,0.316,0.31,0.293,0.155,87.1,18.5,35.8,6.9,4/10/1986,Birmingham,Alabama,USA,9/1/2011,9/1/2011,11,False,15.89495209964411
DALLASKEUCHEL,28,HOU,26,168.0,0.3,7250000,keuchda01,2016,Keuchel, Dallas,0,572971,2016,28,26,168.0,701,648,168,20,144,48,20.5,6.8,0.259,0.424,0.311,0.735,9,12,4.55,0.255,0.395,0.317,0.306,0.308,0.14,88.4,3.8,29.6,6.9,1/1/1988,Tulsa,Oklahoma,USA,6/17/2012,6/17/2012,4,False,15.796512026830857
DALLASKEUCHEL,30,HOU,34,204.2,2.3,13200000,keuchda01,2018,Keuchel, Dallas,0,572971,2018,30,34,204.2,874,802,211,18,153,58,17.5,6.6,0.263,0.393,0.31,0.703,12,11,3.74,0.247,0.362,0.305,0.293,0.298,0.116,87.3,4.5,29.0,4.5,1/1/1988,Tulsa,Oklahoma,USA,6/17/2012,6/17/2012,6,False,16.3957273875566
DALLASKEUCHEL,33,CHW,32,162.0,0.1,18000000,keuchda01,2021,Keuchel, Dallas,0,572971,2021,33,32,162.0,720,652,189,25,95,59,13.2,8.2,0.29,0.472,0.354,0.827,9,9,5.28,0.302,0.493,0.356,0.372,0.366,0.191,88.3,5.0,34.4,9.0,1/1/1988,Tulsa,Oklahoma,USA,6/17/2012,6/17/2012,9,False,16.70588231586044
DANHAREN,34,2TM,32,187.1,2.2,10000000,harenda01,2015,Haren, Dan,0,429717,2015,34,32,187.1,768,709,174,31,132,38,17.2,4.9,0.245,0.444,0.286,0.731,11,9,3.6,0.249,0.424,0.315,0.312,0.294,0.175,88.2,20.8,33.4,6.4,9/17/1980,Monterey Park,California,USA,6/30/2003,6/30/2003,12,False,16.11809565095832
DANNYDUFFY,27,KCR,42,179.2,4.0,4225000,duffyda01,2016,Duffy, Danny,0,518633,2016,27,42,179.2,731,676,163,27,188,42,25.7,5.7,0.241,0.419,0.29,0.709,12,3,3.51,0.237,0.428,0.305,0.308,0.288,0.191,89.5,15.8,34.8,7.9,12/21/1988,Goleta,California,USA,5/18/2011,5/18/2011,5,False,15.25652981877341
DAVIDPRICE,29,2TM,32,220.1,6.3,19750000,priceda01,2015,Price, David,1,456034,2015,29,32,220.1,888,826,190,17,225,47,25.3,5.3,0.23,0.35,0.27,0.62,18,5,2.45,0.23,0.355,0.27,0.279,0.275,0.125,87.4,12.7,34.1,4.6,8/26/1985,Murfreesboro,Tennessee,USA,9/14/2008,9/14/2008,7,False,16.798664049311405
DAVIDPRICE,30,BOS,35,230.0,2.9,30000000,priceda01,2016,Price, David,1,456034,2016,30,35,230.0,951,879,227,30,228,50,24.0,5.3,0.258,0.42,0.299,0.718,17,9,3.99,0.241,0.4,0.309,0.298,0.287,0.159,87.8,11.5,32.4,6.3,8/26/1985,Murfreesboro,Tennessee,USA,9/14/2008,9/14/2008,8,False,17.216707939626428
DAVIDPRICE,32,BOS,30,176.0,3.7,30000000,priceda01,2018,Price, David,1,456034,2018,32,30,176.0,722,657,151,25,177,50,24.5,6.9,0.23,0.399,0.292,0.691,16,7,3.58,0.24,0.409,0.3,0.313,0.303,0.17,88.7,14.7,33.2,7.0,8/26/1985,Murfreesboro,Tennessee,USA,9/14/2008,9/14/2008,10,False,17.216707939626428
DEREKHOLLAND,31,SFG,36,171.1,2.5,1750000,hollade01,2018,Holland, Derek,0,502706,2018,31,36,171.1,727,640,154,19,169,67,23.2,9.2,0.241,0.405,0.309,0.714,7,9,3.57,0.239,0.401,0.309,0.312,0.314,0.163,88.4,14.7,34.1,6.6,10/9/1986,Newark,Ohio,USA,4/22/2009,4/22/2009,9,False,14.375126345899696
DOUGFISTER,32,HOU,32,180.1,-0.2,7000000,fistedo01,2016,Fister, Doug,0,450729,2016,32,32,180.1,779,706,195,24,115,62,14.8,8.0,0.276,0.449,0.339,0.788,12,13,4.64,0.268,0.429,0.34,0.331,0.333,0.161,87.5,10.7,34.2,4.5,2/4/1984,Merced,California,USA,8/8/2009,8/8/2009,7,False,15.761420707019587
DREWPOMERANZ,27,2TM,31,170.2,3.8,1350000,pomerdr01,2016,Pomeranz, Drew,0,519141,2016,27,31,170.2,703,631,137,22,186,65,26.5,9.2,0.217,0.368,0.289,0.656,11,12,3.32,0.204,0.349,0.286,0.279,0.282,0.144,88.1,11.6,28.4,7.3,11/22/1988,Memphis,Tennessee,USA,9/11/2011,9/11/2011,5,False,14.115615150414612
DREWPOMERANZ,28,BOS,32,173.2,3.8,4450000,pomerdr01,2017,Pomeranz, Drew,0,519141,2017,28,32,173.2,740,659,166,19,174,69,23.5,9.3,0.252,0.388,0.323,0.711,17,6,3.32,0.247,0.409,0.31,0.317,0.321,0.161,87.9,13.0,32.7,6.7,11/22/1988,Memphis,Tennessee,USA,9/11/2011,9/11/2011,6,False,15.308414654142423
DREWSMYLY,27,TBR,30,175.1,0.1,3750000,smylydr01,2016,Smyly, Drew,0,592767,2016,27,30,175.1,738,671,174,32,167,49,22.6,6.6,0.259,0.456,0.305,0.761,7,12,4.88,0.233,0.407,0.323,0.3,0.287,0.174,87.8,21.4,34.0,6.7,6/13/1989,Maumelle,Arkansas,USA,4/12/2012,4/12/2012,4,False,15.137266397946593
DYLANBUNDY,25,BAL,31,171.2,-0.1,1640000,bundydy01,2018,Bundy, Dylan,0,605164,2018,25,31,171.2,750,685,188,41,184,54,24.5,7.2,0.274,0.523,0.331,0.853,8,16,5.45,0.245,0.44,0.363,0.324,0.305,0.196,89.3,17.4,37.9,8.5,11/15/1992,Tulsa,Oklahoma,USA,9/23/2012,9/23/2012,6,False,14.310206799800381
EDINSONVOLQUEZ,31,KCR,34,200.1,2.8,7500000,volqued01,2015,Volquez, Edinson,1,450172,2015,31,34,200.1,850,758,190,16,155,72,18.2,8.5,0.251,0.372,0.318,0.69,13,9,3.55,0.26,0.412,0.305,0.329,0.33,0.153,88.5,10.3,32.7,5.9,7/3/1983,Santo Domingo,Distrito Nacional,Dominican Republic,8/30/2005,8/30/2005,10,True,15.830413578506539
EDINSONVOLQUEZ,32,KCR,34,189.1,-0.6,9500000,volqued01,2016,Volquez, Edinson,1,450172,2016,32,34,189.1,853,758,217,23,139,76,16.3,8.9,0.286,0.439,0.352,0.791,10,11,5.37,0.274,0.454,0.343,0.347,0.346,0.181,88.9,7.4,32.2,6.3,7/3/1983,Santo Domingo,Distrito Nacional,Dominican Republic,8/30/2005,8/30/2005,11,True,16.06680235657077
EDUARDORODRIGUEZ,26,BOS,34,203.1,5.5,4300000,rodried05,2019,Rodriguez, Eduardo,1,593958,2019,26,34,203.1,859,770,195,24,213,75,24.8,8.7,0.253,0.391,0.322,0.713,19,6,3.81,0.223,0.376,0.307,0.293,0.298,0.154,86.3,9.3,30.9,5.9,4/7/1993,Valencia,Carabobo,Venezuela,5/28/2015,5/28/2015,4,True,15.27412558066379
ERVINSANTANA,33,MIN,30,181.1,4.0,13500000,santaer01,2016,Santana, Ervin,1,429722,2016,33,30,181.1,748,685,168,19,149,53,19.9,7.1,0.245,0.381,0.301,0.682,7,11,3.38,0.254,0.412,0.296,0.313,0.312,0.158,88.3,13.1,32.8,5.9,12/12/1982,La Romana,La Romana,Dominican Republic,5/17/2005,5/17/2005,11,True,16.41820024340866
ERVINSANTANA,34,MIN,33,211.1,4.8,13500000,santaer01,2017,Santana, Ervin,1,429722,2017,34,33,211.1,864,786,177,31,167,61,19.3,7.1,0.225,0.392,0.285,0.677,16,8,3.28,0.235,0.398,0.291,0.3,0.296,0.163,86.0,16.1,29.8,5.9,12/12/1982,La Romana,La Romana,Dominican Republic,5/17/2005,5/17/2005,12,True,16.41820024340866
FELIXHERNANDEZ,29,SEA,31,201.2,4.6,24857000,hernafe02,2015,Hernandez, Felix,1,433587,2015,29,31,201.2,826,750,180,23,191,58,23.1,7.0,0.24,0.381,0.299,0.68,18,9,3.53,0.234,0.352,0.299,0.291,0.297,0.119,88.7,5.5,26.8,4.2,4/8/1986,Valencia,Carabobo,Venezuela,8/4/2005,8/4/2005,10,True,17.028649960980538
FRAMBERVALDEZ,28,HOU,31,201.1,3.5,3000000,valdefr01,2022,Valdez, Framber,1,664285,2022,28,31,201.1,827,745,166,11,194,67,23.5,8.1,0.223,0.305,0.295,0.6,17,6,2.82,0.227,0.33,0.272,0.284,0.301,0.102,89.8,-3.6,24.0,5.8,11/19/1993,Palenque,San Cristobal,Dominican Republic,8/21/2018,8/21/2018,4,True,14.914122846632385
FRANCISCOLIRIANO,31,PIT,31,186.2,2.6,11666666,liriafr01,2015,Liriano, Francisco,1,434538,2015,31,31,186.2,773,695,155,15,205,70,26.5,9.1,0.223,0.332,0.298,0.63,12,7,3.38,0.228,0.343,0.282,0.291,0.304,0.115,85.8,6.5,33.7,4.3,10/26/1983,San Cristobal,San Cristobal,Dominican Republic,9/5/2005,9/5/2005,10,True,16.27224627364272
FRANCISCOLIRIANO,32,2TM,31,163.0,0.2,13666667,liriafr01,2016,Liriano, Francisco,1,434538,2016,32,31,163.0,731,624,157,26,168,85,23.0,11.6,0.252,0.426,0.343,0.77,8,13,4.69,0.235,0.386,0.336,0.32,0.335,0.151,88.4,6.4,28.6,6.4,10/26/1983,San Cristobal,San Cristobal,Dominican Republic,9/5/2005,9/5/2005,11,True,16.430470360390714
FRANKIEMONTAS,28,OAK,32,187.0,3.8,1800000,montafr02,2021,Montas, Frankie,1,593423,2021,28,32,187.0,778,707,164,20,207,57,26.6,7.3,0.232,0.372,0.293,0.665,13,9,3.37,0.237,0.404,0.29,0.307,0.3,0.167,89.3,11.6,34.4,8.7,3/21/1993,Sainagua,San Cristobal,Dominican Republic,9/2/2015,9/2/2015,6,True,14.403297222866392
GARRETTRICHARDS,27,LAA,32,207.1,2.0,3200000,richaga01,2015,Richards, Garrett,0,572070,2015,27,32,207.1,865,768,181,20,176,76,20.3,8.8,0.236,0.359,0.303,0.662,15,12,3.65,0.226,0.353,0.293,0.294,0.299,0.128,87.3,5.3,27.3,4.9,5/27/1988,Riverside,California,USA,8/10/2011,8/10/2011,4,False,14.978661367769956
GERMANMARQUEZ,26,COL,32,180.0,2.4,7800000,marquge01,2021,Marquez, German,1,608566,2021,26,32,180.0,756,682,165,21,176,64,23.3,8.5,0.242,0.389,0.308,0.697,12,11,4.4,0.25,0.39,0.303,0.31,0.319,0.14,88.9,5.2,32.5,5.3,2/22/1995,San Felix,Bolivar,Venezuela,9/8/2016,9/8/2016,5,True,15.86963429165982
GERMANMARQUEZ,27,COL,31,181.2,1.4,11300000,marquge01,2022,Marquez, German,1,608566,2022,27,31,181.2,779,704,185,30,150,63,19.3,8.1,0.263,0.467,0.323,0.791,9,13,4.95,0.256,0.424,0.341,0.327,0.321,0.167,90.5,9.1,35.8,7.1,2/22/1995,San Felix,Bolivar,Venezuela,9/8/2016,9/8/2016,6,True,16.240313283682568
GERRITCOLE,26,PIT,33,203.0,2.6,3750000,colege01,2017,Cole, Gerrit,0,543037,2017,26,33,203.0,849,784,199,31,196,55,23.1,6.5,0.254,0.434,0.304,0.738,12,12,4.26,0.257,0.428,0.315,0.317,0.309,0.171,86.3,11.1,34.0,7.6,9/8/1990,Newport Beach,California,USA,6/11/2013,6/11/2013,4,False,15.137266397946593
GERRITCOLE,27,HOU,32,200.1,5.2,6750000,colege01,2018,Cole, Gerrit,0,543037,2018,27,32,200.1,799,723,143,19,276,64,34.5,8.0,0.198,0.332,0.268,0.6,15,5,2.88,0.198,0.336,0.265,0.271,0.27,0.139,89.1,15.8,35.8,6.2,9/8/1990,Newport Beach,California,USA,6/11/2013,6/11/2013,5,False,15.725053062848712
GERRITCOLE,28,HOU,33,212.1,6.6,13500000,colege01,2019,Cole, Gerrit,0,543037,2019,28,33,212.1,817,762,142,29,326,48,39.9,5.9,0.186,0.343,0.236,0.579,20,5,2.5,0.181,0.315,0.246,0.237,0.232,0.135,87.6,14.0,33.2,5.9,9/8/1990,Newport Beach,California,USA,6/11/2013,6/11/2013,6,False,16.41820024340866
GERRITCOLE,30,NYY,30,181.1,5.7,36000000,colege01,2021,Cole, Gerrit,0,543037,2021,30,30,181.1,726,677,151,24,243,41,33.5,5.6,0.223,0.372,0.267,0.639,16,8,3.23,0.209,0.369,0.276,0.273,0.257,0.16,88.7,12.5,33.0,9.8,9/8/1990,Newport Beach,California,USA,6/11/2013,6/11/2013,8,False,17.399029496420383
GERRITCOLE,31,NYY,33,200.2,2.5,36000000,colege01,2022,Cole, Gerrit,0,543037,2022,31,33,200.2,793,738,154,33,257,50,32.4,6.3,0.209,0.39,0.26,0.65,13,8,3.5,0.214,0.383,0.283,0.284,0.266,0.169,89.4,12.6,32.5,9.5,9/8/1990,Newport Beach,California,USA,6/11/2013,6/11/2013,9,False,17.399029496420383
GIOGONZALEZ,29,WSN,31,175.2,2.5,11000000,gonzagi01,2015,Gonzalez, Gio,1,461829,2015,29,31,175.2,758,673,181,8,169,69,22.3,9.1,0.269,0.374,0.335,0.71,11,8,3.79,0.24,0.368,0.312,0.303,0.313,0.128,88.1,6.4,28.9,4.8,9/19/1985,Hialeah,Florida,USA,8/6/2008,8/6/2008,7,False,16.213405830762646
GIOGONZALEZ,30,WSN,32,177.1,0.8,12000000,gonzagi01,2016,Gonzalez, Gio,1,461829,2016,30,32,177.1,765,684,179,19,171,59,22.4,7.7,0.262,0.404,0.323,0.726,11,11,4.57,0.251,0.406,0.317,0.316,0.32,0.155,88.7,9.1,31.2,5.9,9/19/1985,Hialeah,Florida,USA,8/6/2008,8/6/2008,8,False,16.300417207752275
GIOGONZALEZ,31,WSN,32,201.0,6.5,12000000,gonzagi01,2017,Gonzalez, Gio,1,461829,2017,31,32,201.0,827,731,158,21,188,79,22.7,9.6,0.216,0.345,0.295,0.64,15,9,2.96,0.226,0.364,0.281,0.295,0.308,0.138,86.1,11.7,29.5,4.9,9/19/1985,Hialeah,Florida,USA,8/6/2008,8/6/2008,9,False,16.300417207752275
GIOGONZALEZ,32,2TM,32,171.0,1.5,12000000,gonzagi01,2018,Gonzalez, Gio,1,461829,2018,32,32,171.0,746,652,167,17,148,80,19.8,10.7,0.256,0.399,0.334,0.733,10,11,4.21,0.255,0.412,0.32,0.329,0.337,0.157,87.7,11.2,35.1,5.8,9/19/1985,Hialeah,Florida,USA,8/6/2008,8/6/2008,10,False,16.300417207752275
HECTORSANTIAGO,27,LAA,33,180.2,2.1,2290000,santihe01,2015,Santiago, Hector,1,502327,2015,27,33,180.2,776,687,156,29,162,71,20.9,9.1,0.227,0.416,0.305,0.722,9,9,3.59,0.224,0.408,0.313,0.313,0.306,0.184,88.9,22.5,32.6,7.9,12/16/1987,Newark,New Jersey,USA,7/6/2011,7/6/2011,4,False,14.644062375530423
HECTORSANTIAGO,28,2TM,33,182.0,1.1,5000000,santihe01,2016,Santiago, Hector,1,502327,2016,28,33,182.0,785,690,169,33,144,79,18.3,10.1,0.245,0.449,0.322,0.772,13,10,4.7,0.256,0.487,0.332,0.353,0.336,0.231,89.7,20.1,33.0,9.3,12/16/1987,Newark,New Jersey,USA,7/6/2011,7/6/2011,5,False,15.424948470398375
HISASHIIWAKUMA,35,SEA,33,199.0,2.4,11000000,iwakuhi01,2016,Iwakuma, Hisashi,1,547874,2016,35,33,199.0,836,772,218,28,147,46,17.6,5.5,0.282,0.452,0.322,0.774,16,12,4.12,0.275,0.444,0.331,0.329,0.32,0.169,88.7,14.6,33.5,5.8,4/12/1981,Tokyo,Tokyo,Japan,4/20/2012,4/20/2012,4,True,16.213405830762646
HYUNJINRYU,32,LAD,29,182.2,5.1,17900000,ryuhy01,2019,Ryu, Hyun Jin,1,547943,2019,32,29,182.2,723,685,160,17,163,24,22.5,3.3,0.234,0.359,0.26,0.619,14,5,2.32,0.249,0.37,0.263,0.281,0.279,0.121,86.6,7.2,32.5,4.7,3/25/1987,Incheon,Incheon,South Korea,4/2/2013,4/2/2013,6,True,16.70031127081098
HYUNJINRYU,34,TOR,31,169.0,2.0,20000000,ryuhy01,2021,Ryu, Hyun Jin,1,547943,2021,34,31,169.0,701,658,170,24,143,37,20.4,5.3,0.258,0.435,0.298,0.733,14,10,4.37,0.265,0.44,0.313,0.323,0.306,0.175,89.6,9.8,33.7,8.5,3/25/1987,Incheon,Incheon,South Korea,4/2/2013,4/2/2013,8,True,16.811242831518264
IANKENNEDY,30,SDP,30,168.1,-0.3,9850000,kenneia01,2015,Kennedy, Ian,0,453178,2015,30,30,168.1,713,644,166,31,174,52,24.4,7.3,0.258,0.497,0.316,0.812,9,15,4.28,0.251,0.44,0.347,0.327,0.313,0.189,89.5,14.7,35.6,8.3,12/19/1984,Huntington Beach,California,USA,9/1/2007,9/1/2007,8,False,16.10298201314827
IANKENNEDY,31,KCR,33,195.2,4.3,7500000,kenneia01,2016,Kennedy, Ian,0,453178,2016,31,33,195.2,818,733,173,33,184,66,22.5,8.1,0.236,0.413,0.308,0.721,11,11,3.68,0.24,0.433,0.312,0.323,0.313,0.193,89.3,19.3,32.4,7.7,12/19/1984,Huntington Beach,California,USA,9/1/2007,9/1/2007,9,False,15.830413578506539
IVANNOVA,29,2TM,32,162.0,1.9,4100000,novaiv01,2016,Nova, Ivan,1,467100,2016,29,32,162.0,684,636,175,23,127,28,18.6,4.1,0.275,0.465,0.31,0.775,12,8,4.17,0.266,0.445,0.33,0.323,0.307,0.18,90.7,5.2,31.9,6.7,1/12/1987,San Cristobal,San Cristobal,Dominican Republic,5/13/2010,5/13/2010,6,True,15.226497531674536
IVANNOVA,30,PIT,31,187.0,2.0,7666000,novaiv01,2017,Nova, Ivan,1,467100,2017,30,31,187.0,785,732,203,29,131,36,16.7,4.6,0.277,0.464,0.313,0.778,11,14,4.14,0.282,0.48,0.33,0.341,0.323,0.197,89.4,9.2,34.0,6.5,1/12/1987,San Cristobal,San Cristobal,Dominican Republic,5/13/2010,5/13/2010,7,True,15.852305524922638
IVANNOVA,32,CHW,34,187.0,1.9,9167000,novaiv01,2019,Nova, Ivan,1,467100,2019,32,34,187.0,806,743,225,30,114,47,14.1,5.8,0.303,0.483,0.349,0.832,11,12,4.72,0.295,0.477,0.351,0.352,0.345,0.182,88.8,10.7,34.6,7.2,1/12/1987,San Cristobal,San Cristobal,Dominican Republic,5/13/2010,5/13/2010,9,True,16.031120636943914
JACOBDEGROM,29,NYM,31,201.1,4.2,4050000,degroja01,2017,deGrom, Jacob,0,594798,2017,29,31,201.1,827,758,180,28,239,59,28.9,7.1,0.237,0.389,0.291,0.681,15,10,3.53,0.219,0.349,0.291,0.274,0.278,0.13,86.3,10.8,32.1,5.9,6/19/1988,DeLand,Florida,USA,5/15/2014,5/15/2014,3,False,15.214227439082721
JACOBDEGROM,30,NYM,32,217.0,9.5,7400000,degroja01,2018,deGrom, Jacob,0,594798,2018,30,32,217.0,835,776,152,10,269,46,32.2,5.5,0.196,0.277,0.243,0.52,10,9,1.7,0.2,0.289,0.23,0.243,0.251,0.089,86.3,11.2,32.2,4.1,6/19/1988,DeLand,Florida,USA,5/15/2014,5/15/2014,4,False,15.816990558174398
JACOBDEGROM,31,NYM,32,204.0,7.2,9000000,degroja01,2019,deGrom, Jacob,0,594798,2019,31,32,204.0,804,745,154,19,255,44,31.7,5.5,0.207,0.323,0.255,0.578,11,8,2.43,0.201,0.319,0.25,0.25,0.254,0.118,86.5,13.2,31.5,4.8,6/19/1988,DeLand,Florida,USA,5/15/2014,5/15/2014,5,False,16.012735135300492
JAHAPP,32,2TM,32,172.0,3.2,6700000,happja01,2015,Happ, J.A.,0,457918,2015,32,32,172.0,717,668,173,16,151,45,21.1,6.3,0.259,0.391,0.307,0.698,11,8,3.61,0.254,0.387,0.304,0.304,0.304,0.133,89.4,12.9,34.9,4.6,10/19/1982,Spring Valley,Illinois,USA,6/30/2007,6/30/2007,8,False,15.717618084361195
JAHAPP,33,TOR,32,195.0,4.5,10000000,happja01,2016,Happ, J.A.,0,457918,2016,33,32,195.0,796,726,168,22,163,60,20.5,7.5,0.231,0.371,0.294,0.664,20,4,3.18,0.256,0.42,0.291,0.321,0.318,0.164,89.5,12.2,32.1,7.4,10/19/1982,Spring Valley,Illinois,USA,6/30/2007,6/30/2007,9,False,16.11809565095832
JAHAPP,35,2TM,31,177.2,2.9,13000000,happja01,2018,Happ, J.A.,0,457918,2018,35,31,177.2,733,668,150,27,193,51,26.3,7.0,0.225,0.389,0.286,0.676,17,6,3.65,0.227,0.4,0.295,0.302,0.29,0.174,88.4,15.4,30.9,8.8,10/19/1982,Spring Valley,Illinois,USA,6/30/2007,6/30/2007,11,False,16.38045991542581
JAIMEGARCIA,29,STL,32,171.2,0.9,11500000,garcija02,2016,Garcia, Jaime,1,448802,2016,29,32,171.2,741,668,179,26,150,57,20.2,7.7,0.268,0.448,0.328,0.776,10,13,4.67,0.25,0.399,0.334,0.31,0.315,0.149,88.7,4.5,28.1,5.7,7/8/1986,Reynosa,Tamaulipas,Mexico,7/11/2008,7/11/2008,8,True,16.25785759333348
JAKEARRIETA,29,CHC,33,229.0,8.3,3630000,arrieja01,2015,Arrieta, Jake,0,453562,2015,29,33,229.0,870,811,150,10,236,48,27.1,5.5,0.185,0.271,0.234,0.506,22,6,1.77,0.202,0.281,0.225,0.241,0.253,0.079,85.1,4.4,27.6,2.2,3/6/1986,Farmington,Missouri,USA,6/10/2010,6/10/2010,5,False,15.104743206241034
JAKEARRIETA,30,CHC,31,197.1,3.8,10700000,arrieja01,2016,Arrieta, Jake,0,453562,2016,30,31,197.1,795,710,138,16,190,76,23.9,9.6,0.194,0.306,0.277,0.582,18,8,3.1,0.226,0.35,0.261,0.292,0.307,0.124,86.7,6.5,30.8,4.8,3/6/1986,Farmington,Missouri,USA,6/10/2010,6/10/2010,6,False,16.185754299432134
JAKEARRIETA,31,CHC,30,168.1,1.9,15637500,arrieja01,2017,Arrieta, Jake,0,453562,2017,31,30,168.1,707,637,150,23,163,55,23.1,7.8,0.235,0.411,0.304,0.715,14,10,3.53,0.24,0.396,0.306,0.305,0.309,0.156,87.4,10.6,31.3,5.6,3/6/1986,Farmington,Missouri,USA,6/10/2010,6/10/2010,7,False,16.565182433757304
JAKEARRIETA,32,PHI,31,172.2,2.4,30000000,arrieja01,2018,Arrieta, Jake,0,453562,2018,32,31,172.2,724,649,165,21,138,57,19.1,7.9,0.254,0.407,0.316,0.723,10,11,3.96,0.249,0.392,0.315,0.312,0.315,0.143,87.8,8.6,32.9,5.6,3/6/1986,Farmington,Missouri,USA,6/10/2010,6/10/2010,8,False,17.216707939626428
JAKEODORIZZI,28,MIN,32,164.1,1.3,6300000,odorija01,2018,Odorizzi, Jake,0,543606,2018,28,32,164.1,711,625,151,20,162,70,22.8,9.8,0.242,0.419,0.322,0.741,7,10,4.49,0.245,0.425,0.322,0.332,0.332,0.181,89.1,21.4,35.2,7.4,3/27/1990,Breese,Illinois,USA,9/23/2012,9/23/2012,6,False,15.65606019136176
JAMESONTAILLON,30,NYY,32,177.1,1.3,5800000,taillja01,2022,Taillon, Jameson,0,592791,2022,30,32,177.1,728,684,168,26,151,32,20.7,4.4,0.246,0.43,0.282,0.711,14,5,3.91,0.26,0.432,0.308,0.317,0.297,0.172,88.5,14.5,34.5,8.3,11/18/1991,Lakeland,Florida,USA,6/8/2016,6/8/2016,6,False,15.573368475516649
JAMESSHIELDS,33,SDP,33,202.1,1.9,10000000,shielja02,2015,Shields, James,0,448306,2015,33,33,202.1,860,763,189,33,216,81,25.1,9.4,0.248,0.45,0.324,0.774,13,7,3.91,0.232,0.381,0.335,0.308,0.313,0.149,89.1,10.9,31.2,5.6,12/20/1981,Newhall,California,USA,5/31/2006,5/31/2006,9,False,16.11809565095832
JAMESSHIELDS,34,2TM,33,181.2,-1.2,21000000,shielja02,2016,Shields, James,0,448306,2016,34,33,181.2,822,723,208,40,135,82,16.4,10.0,0.288,0.527,0.363,0.89,6,19,5.85,0.277,0.481,0.377,0.359,0.356,0.203,88.7,12.9,34.6,8.4,12/20/1981,Newhall,California,USA,5/31/2006,5/31/2006,10,False,16.860032995687696
JAMESSHIELDS,36,CHW,34,204.2,1.3,21000000,shielja02,2018,Shields, James,0,448306,2018,36,34,204.2,871,775,190,34,154,78,17.7,9.0,0.245,0.435,0.318,0.753,7,16,4.53,0.262,0.466,0.326,0.35,0.336,0.204,88.6,16.6,35.9,8.3,12/20/1981,Newhall,California,USA,5/31/2006,5/31/2006,12,False,16.860032995687696
JASONHAMMEL,32,CHC,31,170.2,1.5,9000000,hammeja01,2015,Hammel, Jason,0,434628,2015,32,31,170.2,710,654,158,23,172,40,24.2,5.6,0.242,0.425,0.287,0.712,10,7,3.74,0.254,0.421,0.305,0.315,0.302,0.168,88.8,13.3,37.2,7.1,9/2/1982,Greenville,South Carolina,USA,4/11/2006,4/11/2006,9,False,16.012735135300492
JASONHAMMEL,33,CHC,30,166.2,1.4,9000000,hammeja01,2016,Hammel, Jason,0,434628,2016,33,30,166.2,692,620,148,25,144,53,20.8,7.7,0.239,0.423,0.303,0.726,15,10,3.83,0.249,0.435,0.315,0.325,0.317,0.186,90.0,12.4,33.5,7.2,9/2/1982,Greenville,South Carolina,USA,4/11/2006,4/11/2006,10,False,16.012735135300492
JASONHAMMEL,34,KCR,32,180.1,1.6,5000000,hammeja01,2017,Hammel, Jason,0,434628,2017,34,32,180.1,804,737,209,26,145,48,18.0,6.0,0.284,0.442,0.331,0.773,8,13,5.29,0.278,0.475,0.329,0.345,0.33,0.197,88.2,16.2,35.5,7.1,9/2/1982,Greenville,South Carolina,USA,4/11/2006,4/11/2006,11,False,15.424948470398375
JASONVARGAS,34,KCR,32,179.2,4.1,8000000,vargaja01,2017,Vargas, Jason,1,450306,2017,34,32,179.2,756,685,181,27,134,58,17.7,7.7,0.264,0.442,0.323,0.765,18,11,4.16,0.256,0.435,0.326,0.325,0.319,0.179,87.1,14.9,33.8,5.5,2/2/1983,Apple Valley,California,USA,7/14/2005,7/14/2005,12,False,15.89495209964411
JEFFSAMARDZIJA,30,CHW,32,214.0,0.3,9800000,samarje01,2015,Samardzija, Jeff,0,502188,2015,30,32,214.0,910,836,228,29,163,49,17.9,5.4,0.273,0.446,0.318,0.764,11,13,4.96,0.263,0.413,0.33,0.323,0.314,0.149,88.1,14.5,34.7,5.1,1/23/1985,Merrillville,Indiana,USA,7/25/2008,7/25/2008,7,False,16.0978929436408
JEFFSAMARDZIJA,31,SFG,32,203.1,2.6,10800000,samarje01,2016,Samardzija, Jeff,0,502188,2016,31,32,203.1,829,764,190,24,167,54,20.1,6.5,0.249,0.412,0.296,0.708,12,11,3.81,0.249,0.416,0.303,0.308,0.299,0.168,88.7,10.9,31.1,6.1,1/23/1985,Merrillville,Indiana,USA,7/25/2008,7/25/2008,8,False,16.195056692094447
JEFFSAMARDZIJA,32,SFG,32,207.2,2.8,19800000,samarje01,2017,Samardzija, Jeff,0,502188,2017,32,32,207.2,847,801,204,30,205,32,24.2,3.8,0.255,0.447,0.286,0.733,9,15,4.42,0.248,0.425,0.309,0.301,0.281,0.178,87.4,12.4,36.1,6.3,1/23/1985,Merrillville,Indiana,USA,7/25/2008,7/25/2008,9,False,16.801192495664765
JEFFSAMARDZIJA,34,SFG,32,181.1,3.4,19800000,samarje01,2019,Samardzija, Jeff,0,502188,2019,34,32,181.1,740,677,152,28,140,49,18.9,6.6,0.225,0.411,0.28,0.69,11,12,3.52,0.253,0.465,0.289,0.326,0.309,0.212,89.5,16.9,34.5,8.3,1/23/1985,Merrillville,Indiana,USA,7/25/2008,7/25/2008,11,False,16.801192495664765
JEREDWEAVER,33,LAA,31,178.0,-0.6,20000000,weaveje02,2016,Weaver, Jered,0,450308,2016,33,31,178.0,767,704,209,37,103,51,13.4,6.6,0.297,0.517,0.344,0.861,12,12,5.06,0.281,0.496,0.365,0.352,0.332,0.215,88.2,21.1,38.3,7.4,10/4/1982,Northridge,California,USA,5/27/2006,5/27/2006,10,False,16.811242831518264
JEREMYHELLICKSON,29,PHI,32,189.0,2.9,7000000,hellije01,2016,Hellickson, Jeremy,0,476451,2016,29,32,189.0,772,711,173,24,154,45,19.9,5.8,0.243,0.418,0.29,0.708,12,10,3.71,0.263,0.437,0.304,0.323,0.313,0.174,87.6,14.7,37.4,6.9,4/8/1987,Des Moines,Iowa,USA,8/2/2010,8/2/2010,6,False,15.761420707019587
JEREMYHELLICKSON,30,2TM,30,164.0,0.2,17200000,hellije01,2017,Hellickson, Jeremy,0,476451,2017,30,30,164.0,695,628,160,35,96,47,13.8,6.8,0.255,0.497,0.309,0.806,8,11,5.43,0.277,0.489,0.338,0.351,0.335,0.212,87.8,17.8,35.3,6.4,4/8/1987,Des Moines,Iowa,USA,8/2/2010,8/2/2010,7,False,16.660419941783683
JHOULYSCHACIN,29,SDP,32,180.1,2.6,1750000,chacijh01,2017,Chacin, Jhoulys,1,468504,2017,29,32,180.1,765,667,157,19,153,72,20.0,9.4,0.235,0.373,0.318,0.691,13,10,3.89,0.238,0.38,0.302,0.307,0.323,0.142,86.3,9.8,29.1,5.7,1/7/1988,Maracaibo,Zulia,Venezuela,7/25/2009,7/25/2009,8,True,14.375126345899696
JHOULYSCHACIN,30,MIL,35,192.2,1.7,8750000,chacijh01,2018,Chacin, Jhoulys,1,468504,2018,30,35,192.2,796,697,153,18,156,71,19.6,8.9,0.22,0.357,0.295,0.652,15,8,3.5,0.246,0.402,0.287,0.32,0.325,0.156,88.8,13.2,32.8,6.5,1/7/1988,Maracaibo,Zulia,Venezuela,7/25/2009,7/25/2009,9,True,15.984564258333798
JOEMUSGROVE,29,SDP,30,181.0,3.3,8625000,musgrjo01,2022,Musgrove, Joe,0,605397,2022,29,30,181.0,740,679,154,22,184,42,24.9,5.7,0.227,0.383,0.284,0.667,10,7,2.93,0.225,0.351,0.292,0.282,0.284,0.126,86.4,11.7,34.7,6.0,12/4/1992,El Cajon,California,USA,8/2/2016,8/2/2016,6,False,15.970175520881698
JOHNDANKS,30,CHW,30,177.2,0.0,15750000,danksjo01,2015,Danks, John,0,433579,2015,30,30,177.2,768,695,195,24,124,56,16.1,7.3,0.281,0.466,0.331,0.797,7,15,4.71,0.249,0.402,0.344,0.312,0.308,0.153,87.3,16.0,32.0,5.1,4/15/1985,Austin,Texas,USA,4/8/2007,4/8/2007,8,False,16.572350923235916
JOHNLACKEY,37,CHC,29,188.1,2.9,16000000,lackejo01,2016,Lackey, John,0,407793,2016,37,29,188.1,748,670,146,23,180,53,24.1,7.1,0.218,0.364,0.278,0.642,11,8,3.35,0.247,0.412,0.28,0.316,0.313,0.165,89.7,14.5,32.6,5.9,10/23/1978,Abilene,Texas,USA,6/24/2002,6/24/2002,14,False,16.588099280204055
JOHNLACKEY,38,CHC,31,170.2,1.1,16000000,lackejo01,2017,Lackey, John,0,407793,2017,38,31,170.2,731,654,165,36,149,53,20.4,7.3,0.252,0.469,0.315,0.784,12,12,4.59,0.268,0.47,0.331,0.344,0.334,0.202,88.2,14.3,34.8,6.8,10/23/1978,Abilene,Texas,USA,6/24/2002,6/24/2002,15,False,16.588099280204055
JOHNNYCUETO,29,2TM,32,212.0,4.0,10000000,cuetojo01,2015,Cueto, Johnny,1,456501,2015,29,32,212.0,866,803,194,21,176,46,20.3,5.3,0.242,0.387,0.286,0.674,11,13,3.44,0.243,0.389,0.294,0.3,0.292,0.146,86.7,13.2,31.9,4.9,2/15/1986,San Pedro de Macoris,Macoris,Dominican Republic,4/3/2008,4/3/2008,7,True,16.11809565095832
JOHNNYCUETO,30,SFG,32,219.2,5.5,15833333,cuetojo01,2016,Cueto, Johnny,1,456501,2016,30,32,219.2,881,818,195,15,198,45,22.5,5.1,0.238,0.35,0.281,0.631,18,5,2.79,0.247,0.374,0.276,0.291,0.293,0.127,87.8,10.6,30.2,4.4,2/15/1986,San Pedro de Macoris,Macoris,Dominican Republic,4/3/2008,4/3/2008,8,True,16.57762795928413
JONLESTER,31,CHC,32,205.0,2.8,20000000,lestejo01,2015,Lester, Jon,0,452657,2015,31,32,205.0,828,764,183,16,207,47,25.0,5.7,0.24,0.373,0.286,0.659,11,12,3.34,0.225,0.343,0.289,0.277,0.277,0.118,87.1,9.5,31.3,4.4,1/7/1984,Tacoma,Washington,USA,6/10/2006,6/10/2006,9,False,16.811242831518264
JONLESTER,32,CHC,32,202.2,5.6,25000000,lestejo01,2016,Lester, Jon,0,452657,2016,32,32,202.2,796,730,154,21,197,52,24.7,6.5,0.211,0.334,0.266,0.601,19,5,2.44,0.22,0.34,0.264,0.272,0.278,0.12,87.4,11.6,31.2,4.1,1/7/1984,Tacoma,Washington,USA,6/10/2006,6/10/2006,10,False,17.034386382832476
JONLESTER,33,CHC,32,180.2,0.6,25000000,lestejo01,2017,Lester, Jon,0,452657,2017,33,32,180.2,763,691,179,26,180,60,23.6,7.9,0.259,0.43,0.318,0.748,13,8,4.33,0.241,0.392,0.32,0.304,0.307,0.151,86.4,10.3,34.1,5.4,1/7/1984,Tacoma,Washington,USA,6/10/2006,6/10/2006,11,False,17.034386382832476
JONLESTER,34,CHC,32,181.2,2.7,27500000,lestejo01,2018,Lester, Jon,0,452657,2018,34,32,181.2,761,681,174,24,149,64,19.6,8.4,0.256,0.41,0.321,0.73,18,6,3.32,0.268,0.449,0.319,0.343,0.337,0.181,88.7,13.7,38.9,6.6,1/7/1984,Tacoma,Washington,USA,6/10/2006,6/10/2006,12,False,17.1296965626368
JONLESTER,35,CHC,31,171.2,0.8,27500000,lestejo01,2019,Lester, Jon,0,452657,2019,35,31,171.2,764,698,205,26,165,52,21.6,6.8,0.294,0.47,0.343,0.813,13,10,4.46,0.274,0.456,0.344,0.337,0.329,0.182,88.6,12.2,37.1,7.4,1/7/1984,Tacoma,Washington,USA,6/10/2006,6/10/2006,13,False,17.1296965626368
JORDANLYLES,30,TEX,32,180.0,0.0,8000000,lylesjo01,2021,Lyles, Jordan,0,543475,2021,30,32,180.0,769,697,194,38,146,56,19.0,7.3,0.278,0.499,0.334,0.833,10,13,5.15,0.275,0.482,0.354,0.351,0.334,0.207,89.9,15.3,35.5,9.1,10/19/1990,Hartsville,South Carolina,USA,5/31/2011,5/31/2011,10,False,15.89495209964411
JORDANLYLES,31,BAL,32,179.0,1.0,6000000,lylesjo01,2022,Lyles, Jordan,0,543475,2022,31,32,179.0,774,710,196,26,144,52,18.6,6.7,0.276,0.454,0.331,0.784,12,11,4.42,0.267,0.452,0.341,0.341,0.325,0.184,88.6,15.3,35.1,10.4,10/19/1990,Hartsville,South Carolina,USA,5/31/2011,5/31/2011,11,False,15.60727002719233
JORDANMONTGOMERY,29,2TM,32,178.1,1.7,6000000,montgjo01,2022,Montgomery, Jordan,0,656756,2022,29,32,178.1,724,677,159,21,158,36,21.8,5.0,0.235,0.384,0.28,0.664,9,6,3.48,0.258,0.4,0.291,0.31,0.303,0.143,88.5,9.8,34.1,7.1,12/27/1992,Sumter,South Carolina,USA,4/12/2017,4/12/2017,5,False,15.60727002719233
JORDANZIMMERMANN,29,WSN,33,201.2,3.1,16500000,zimmejo02,2015,Zimmermann, Jordan,0,519455,2015,29,33,201.2,831,774,204,24,164,39,19.7,4.7,0.264,0.394,0.302,0.696,13,10,3.66,0.257,0.407,0.304,0.308,0.299,0.15,87.4,12.5,33.2,4.2,5/23/1986,Auburndale,Wisconsin,USA,4/20/2009,4/20/2009,6,False,16.61887093887081
JOSEQUINTANA,26,CHW,32,206.1,4.1,3400000,quintjo01,2015,Quintana, Jose,1,500779,2015,26,32,206.1,862,802,218,16,177,44,20.5,5.1,0.272,0.408,0.313,0.721,9,10,3.36,0.263,0.396,0.312,0.308,0.307,0.133,88.0,9.7,34.0,4.3,1/24/1989,Arjona,Bolivar,Colombia,5/7/2012,5/7/2012,3,True,15.03928598958639
JOSEQUINTANA,27,CHW,32,208.0,5.3,5400000,quintjo01,2016,Quintana, Jose,1,500779,2016,27,32,208.0,837,779,192,22,181,50,21.6,6.0,0.246,0.393,0.294,0.687,13,12,3.2,0.247,0.375,0.297,0.294,0.296,0.129,88.2,16.2,33.1,4.5,1/24/1989,Arjona,Bolivar,Colombia,5/7/2012,5/7/2012,4,True,15.501909511534503
JOSEQUINTANA,28,2TM,32,188.2,2.5,7000000,quintjo01,2017,Quintana, Jose,1,500779,2017,28,32,188.2,790,715,170,23,207,61,26.2,7.7,0.238,0.396,0.305,0.701,11,11,4.15,0.243,0.401,0.301,0.308,0.311,0.159,87.5,11.8,36.1,5.9,1/24/1989,Arjona,Bolivar,Colombia,5/7/2012,5/7/2012,5,True,15.761420707019587
JOSEQUINTANA,29,CHC,32,174.1,1.5,8850000,quintjo01,2018,Quintana, Jose,1,500779,2018,29,32,174.1,739,658,162,25,158,68,21.4,9.2,0.246,0.418,0.315,0.733,13,11,4.03,0.247,0.415,0.319,0.321,0.32,0.168,89.4,12.4,33.7,6.1,1/24/1989,Arjona,Bolivar,Colombia,5/7/2012,5/7/2012,6,True,15.995928016984113
JOSEQUINTANA,30,CHC,32,171.0,0.8,10500000,quintjo01,2019,Quintana, Jose,1,500779,2019,30,32,171.0,745,678,191,20,152,46,20.4,6.2,0.282,0.44,0.321,0.76,13,9,4.68,0.273,0.434,0.321,0.326,0.322,0.161,90.0,11.1,34.7,5.7,1/24/1989,Arjona,Bolivar,Colombia,5/7/2012,5/7/2012,7,True,16.166885815127753
JOSEQUINTANA,33,2TM,32,165.2,3.6,2000000,quintjo01,2022,Quintana, Jose,1,500779,2022,33,32,165.2,679,626,154,8,137,47,20.2,6.9,0.246,0.343,0.3,0.644,6,7,2.93,0.257,0.377,0.286,0.305,0.312,0.12,86.5,9.9,34.4,5.5,1/24/1989,Arjona,Bolivar,Colombia,5/7/2012,5/7/2012,10,True,14.508657738524219
JOSHTOMLIN,31,CLE,30,174.0,1.1,2250000,tomlijo01,2016,Tomlin, Josh,0,458708,2016,31,30,174.0,725,694,187,36,118,20,16.3,2.8,0.269,0.487,0.29,0.777,13,9,4.4,0.278,0.482,0.327,0.332,0.301,0.203,87.9,10.7,35.4,7.2,10/19/1984,Tyler,Texas,USA,7/27/2010,7/27/2010,6,False,14.626440774180603
JULIOTEHERAN,24,ATL,33,200.2,1.9,1000000,teherju01,2015,Teheran, Julio,1,527054,2015,24,33,200.2,843,748,189,27,171,73,20.3,8.7,0.253,0.412,0.321,0.733,11,8,4.04,0.265,0.422,0.322,0.336,0.339,0.157,89.1,13.9,33.7,5.1,1/27/1991,Cartagena,Bolivar,Colombia,5/7/2011,5/7/2011,4,True,13.815510557964274
JULIOTEHERAN,25,ATL,30,188.0,4.7,3300000,teherju01,2016,Teheran, Julio,1,527054,2016,25,30,188.0,758,703,157,22,167,41,22.0,5.4,0.223,0.376,0.273,0.649,7,10,3.21,0.234,0.406,0.281,0.298,0.285,0.172,88.8,16.2,33.1,6.5,1/27/1991,Cartagena,Bolivar,Colombia,5/7/2011,5/7/2011,5,True,15.009433026436708
JULIOTEHERAN,26,ATL,32,188.1,1.6,6300000,teherju01,2017,Teheran, Julio,1,527054,2017,26,32,188.1,812,723,186,31,151,72,18.6,8.9,0.257,0.443,0.326,0.769,11,13,4.49,0.253,0.424,0.33,0.325,0.326,0.171,87.2,13.9,30.6,6.4,1/27/1991,Cartagena,Bolivar,Colombia,5/7/2011,5/7/2011,6,True,15.65606019136176
JULIOTEHERAN,27,ATL,31,175.2,1.9,8166667,teherju01,2018,Teheran, Julio,1,527054,2018,27,31,175.2,724,623,122,26,162,84,22.4,11.6,0.196,0.374,0.297,0.671,9,9,3.94,0.231,0.407,0.295,0.324,0.33,0.176,88.7,15.5,34.5,7.2,1/27/1991,Cartagena,Bolivar,Colombia,5/7/2011,5/7/2011,7,True,15.91557142766317
JULIOTEHERAN,28,ATL,33,174.2,3.2,11166667,teherju01,2019,Teheran, Julio,1,527054,2019,28,33,174.2,754,645,148,22,162,83,21.5,11.0,0.229,0.389,0.325,0.714,10,11,3.81,0.24,0.416,0.31,0.327,0.338,0.176,89.0,15.5,31.2,6.9,1/27/1991,Cartagena,Bolivar,Colombia,5/7/2011,5/7/2011,8,True,16.22844373797793
JULIOURIAS,24,LAD,32,185.2,4.8,3600000,uriasju01,2021,Urias, Julio,1,628711,2021,24,32,185.2,745,691,151,19,195,38,26.2,5.1,0.219,0.349,0.263,0.612,20,3,2.96,0.219,0.36,0.266,0.273,0.266,0.141,86.0,15.5,31.7,5.3,8/12/1996,Culiacan,Sinaloa,Mexico,5/27/2016,5/27/2016,5,True,15.096444403426338
JULIOURIAS,25,LAD,31,175.0,4.9,8000000,uriasju01,2022,Urias, Julio,1,628711,2022,25,31,175.0,689,639,127,23,166,41,24.1,6.0,0.199,0.347,0.251,0.599,17,7,2.16,0.205,0.332,0.263,0.262,0.258,0.128,86.7,17.2,29.6,6.7,8/12/1996,Culiacan,Sinaloa,Mexico,5/27/2016,5/27/2016,6,True,15.89495209964411
JUSTINVERLANDER,33,DET,34,227.2,7.4,28000000,verlaju01,2016,Verlander, Justin,0,434378,2016,33,34,227.2,903,827,171,30,254,57,28.1,6.3,0.207,0.368,0.261,0.629,16,9,3.04,0.206,0.363,0.272,0.274,0.264,0.157,87.9,19.5,29.8,7.5,2/20/1983,Manakin Sabot,Virginia,USA,7/4/2005,7/4/2005,11,False,17.14771506813948
JUSTINVERLANDER,34,2TM,33,206.0,6.9,28000000,verlaju01,2017,Verlander, Justin,0,434378,2017,34,33,206.0,849,768,170,27,219,72,25.8,8.5,0.221,0.37,0.29,0.66,15,8,3.36,0.24,0.42,0.285,0.315,0.31,0.18,87.6,16.4,37.4,7.2,2/20/1983,Manakin Sabot,Virginia,USA,7/4/2005,7/4/2005,12,False,17.14771506813948
JUSTINVERLANDER,35,HOU,34,214.0,6.3,28000000,verlaju01,2018,Verlander, Justin,0,434378,2018,35,34,214.0,833,781,156,28,290,37,34.8,4.4,0.2,0.36,0.241,0.601,16,9,2.52,0.184,0.309,0.259,0.237,0.229,0.124,88.5,22.1,31.1,6.2,2/20/1983,Manakin Sabot,Virginia,USA,7/4/2005,7/4/2005,13,False,17.14771506813948
JUSTINVERLANDER,36,HOU,34,223.0,7.4,28000000,verlaju01,2019,Verlander, Justin,0,434378,2019,36,34,223.0,847,796,137,36,300,42,35.4,5.0,0.172,0.361,0.218,0.579,21,6,2.58,0.186,0.346,0.243,0.248,0.233,0.16,87.3,18.5,30.1,7.2,2/20/1983,Manakin Sabot,Virginia,USA,7/4/2005,7/4/2005,14,False,17.14771506813948
JUSTINVERLANDER,39,HOU,28,175.0,5.7,25000000,verlaju01,2022,Verlander, Justin,0,434378,2022,39,28,175.0,666,625,116,12,185,29,27.8,4.4,0.186,0.27,0.227,0.497,18,4,1.75,0.207,0.331,0.222,0.255,0.248,0.124,87.8,16.9,32.5,6.3,2/20/1983,Manakin Sabot,Virginia,USA,7/4/2005,7/4/2005,17,False,17.034386382832476
KENTAMAEDA,28,LAD,32,175.2,2.8,3125000,maedake01,2016,Maeda, Kenta,1,628317,2016,28,32,175.2,716,655,150,20,179,50,25.0,7.0,0.229,0.359,0.291,0.649,16,11,3.48,0.224,0.358,0.281,0.281,0.288,0.133,85.7,12.7,34.9,5.4,4/11/1988,Osaka,Osaka,Japan,4/6/2016,4/6/2016,0,True,14.954944841152638
KEVINGAUSMAN,26,BAL,34,186.2,2.0,3450000,gausmke01,2017,Gausman, Kevin,0,592332,2017,26,34,186.2,816,736,208,29,179,71,21.9,8.7,0.283,0.459,0.348,0.807,11,12,4.68,0.272,0.456,0.346,0.344,0.34,0.185,87.7,11.8,37.8,8.2,1/6/1991,Centennial,Colorado,USA,5/23/2013,5/23/2013,4,False,15.053884789007542
KEVINGAUSMAN,27,2TM,31,183.2,3.0,5600000,gausmke01,2018,Gausman, Kevin,0,592332,2018,27,31,183.2,776,715,189,26,148,50,19.1,6.4,0.264,0.436,0.317,0.753,10,11,3.92,0.269,0.446,0.324,0.333,0.322,0.177,89.0,10.8,33.5,7.4,1/6/1991,Centennial,Colorado,USA,5/23/2013,5/23/2013,5,False,15.538277155705378
KEVINGAUSMAN,30,SFG,33,192.0,5.2,18900000,gausmke01,2021,Gausman, Kevin,0,592332,2021,30,33,192.0,775,715,150,20,227,50,29.3,6.5,0.21,0.345,0.263,0.609,14,6,2.81,0.23,0.381,0.265,0.29,0.283,0.151,89.1,12.1,30.6,7.1,1/6/1991,Centennial,Colorado,USA,5/23/2013,5/23/2013,8,False,16.75467248002987
KEVINGAUSMAN,31,TOR,31,174.2,3.1,21000000,gausmke01,2022,Gausman, Kevin,0,592332,2022,31,31,174.2,725,690,188,15,205,28,28.3,3.9,0.272,0.4,0.299,0.699,12,10,3.35,0.242,0.38,0.304,0.285,0.272,0.138,89.0,12.2,38.1,8.1,1/6/1991,Centennial,Colorado,USA,5/23/2013,5/23/2013,9,False,16.860032995687696
KYLEFREELAND,29,COL,31,174.2,2.4,7000000,freelky01,2022,Freeland, Kyle,0,607536,2022,29,31,174.2,766,687,193,19,131,53,17.1,6.9,0.281,0.456,0.342,0.798,9,11,4.53,0.267,0.45,0.346,0.344,0.335,0.183,89.8,12.5,33.2,9.4,5/14/1993,Denver,Colorado,USA,4/4/2017,4/4/2017,5,False,15.761420707019587
KYLEGIBSON,30,MIN,32,196.2,3.5,4200000,gibsoky01,2018,Gibson, Kyle,0,502043,2018,30,32,196.2,826,733,177,23,179,79,21.7,9.6,0.241,0.385,0.315,0.699,10,13,3.62,0.251,0.392,0.306,0.319,0.327,0.141,87.8,7.9,30.9,5.7,10/23/1987,Greenfield,Indiana,USA,6/29/2013,6/29/2013,5,False,15.250595083253597
KYLEGIBSON,33,2TM,31,182.0,3.5,9666666,gibsoky01,2021,Gibson, Kyle,0,502043,2021,33,31,182.0,754,675,158,17,155,64,20.6,8.5,0.234,0.363,0.305,0.668,10,9,3.71,0.241,0.368,0.293,0.302,0.314,0.127,88.8,7.4,30.6,4.9,10/23/1987,Greenfield,Indiana,USA,6/29/2013,6/29/2013,8,False,16.084194030317118
KYLEHENDRICKS,28,CHC,33,199.0,2.8,4175000,hendrky01,2018,Hendricks, Kyle,0,543294,2018,28,33,199.0,812,745,184,22,161,44,19.8,5.4,0.247,0.391,0.292,0.682,14,11,3.44,0.243,0.389,0.295,0.3,0.294,0.145,86.4,10.3,32.6,5.7,12/7/1989,Newport Beach,California,USA,7/10/2014,7/10/2014,4,False,15.244624916267092
KYLEHENDRICKS,29,CHC,30,177.0,3.3,7405000,hendrky01,2019,Hendricks, Kyle,0,543294,2019,29,30,177.0,730,675,168,19,150,32,20.5,4.4,0.249,0.397,0.286,0.683,11,10,3.46,0.248,0.393,0.29,0.294,0.29,0.146,86.5,14.2,33.6,5.4,12/7/1989,Newport Beach,California,USA,7/10/2014,7/10/2014,5,False,15.817666005684035
KYLEHENDRICKS,31,CHC,32,181.0,0.8,14000000,hendrky01,2021,Hendricks, Kyle,0,543294,2021,31,32,181.0,785,719,200,31,131,44,16.7,5.6,0.278,0.481,0.327,0.809,14,7,4.77,0.276,0.455,0.345,0.339,0.329,0.179,86.3,11.1,37.4,8.4,12/7/1989,Newport Beach,California,USA,7/10/2014,7/10/2014,7,False,16.454567887579532
LANCELYNN,28,STL,31,175.1,3.4,7000000,lynnla01,2015,Lynn, Lance,0,458681,2015,28,31,175.1,751,667,172,13,167,68,22.2,9.1,0.258,0.378,0.326,0.704,12,11,3.03,0.234,0.372,0.311,0.303,0.313,0.138,88.9,11.9,29.0,4.9,5/12/1987,Indianapolis,Indiana,USA,6/2/2011,6/2/2011,4,False,15.761420707019587
LANCELYNN,30,STL,33,186.1,3.2,7500000,lynnla01,2017,Lynn, Lance,0,458681,2017,30,33,186.1,776,676,151,27,153,78,19.7,10.1,0.223,0.395,0.308,0.703,11,8,3.43,0.234,0.398,0.305,0.315,0.324,0.164,86.6,12.2,32.3,5.8,5/12/1987,Indianapolis,Indiana,USA,6/2/2011,6/2/2011,6,False,15.830413578506539
LANCELYNN,32,TEX,33,208.1,7.7,9333333,lynnla01,2019,Lynn, Lance,0,458681,2019,32,33,208.1,875,801,195,21,246,59,28.1,6.7,0.243,0.39,0.299,0.689,16,11,3.67,0.222,0.372,0.294,0.283,0.282,0.149,87.9,13.8,34.0,5.9,5/12/1987,Indianapolis,Indiana,USA,6/2/2011,6/2/2011,8,False,16.049102743757082
LUCASGIOLITO,26,CHW,31,178.2,4.3,4150000,giolilu01,2021,Giolito, Lucas,0,608337,2021,26,31,178.2,720,662,145,27,201,52,27.9,7.2,0.219,0.394,0.276,0.671,11,9,3.53,0.221,0.362,0.288,0.28,0.278,0.141,87.7,18.3,37.4,6.7,7/14/1994,Santa Monica,California,USA,6/28/2016,6/28/2016,5,False,15.238618892206881
LUISCASTILLO,28,CIN,33,187.2,4.2,4200000,castilu02,2021,Castillo, Luis,1,622491,2021,28,33,187.2,803,711,181,19,192,75,23.9,9.3,0.255,0.402,0.328,0.73,8,16,3.98,0.233,0.347,0.318,0.294,0.312,0.115,87.7,4.2,28.7,4.5,12/12/1992,Bani,Peravia,Dominican Republic,6/23/2017,6/23/2017,4,True,15.250595083253597
MADISONBUMGARNER,25,SFG,32,218.1,5.0,6750000,bumgama01,2015,Bumgarner, Madison,0,518516,2015,25,32,218.1,869,814,181,21,234,39,26.9,4.5,0.222,0.349,0.261,0.61,18,9,2.93,0.227,0.357,0.266,0.277,0.27,0.129,87.5,12.5,31.1,4.8,8/1/1989,Hickory,North Carolina,USA,9/8/2009,9/8/2009,6,False,15.725053062848712
MADISONBUMGARNER,26,SFG,34,226.2,4.8,9750000,bumgama01,2016,Bumgarner, Madison,0,518516,2016,26,34,226.2,912,841,179,26,251,54,27.5,5.9,0.213,0.354,0.264,0.619,15,9,2.74,0.216,0.372,0.269,0.279,0.27,0.157,88.5,15.5,29.5,6.7,8/1/1989,Hickory,North Carolina,USA,9/8/2009,9/8/2009,7,False,16.09277784297403
MADISONBUMGARNER,29,SFG,34,207.2,2.9,12000000,bumgama01,2019,Bumgarner, Madison,0,518516,2019,29,34,207.2,844,780,191,30,203,43,24.1,5.1,0.245,0.426,0.289,0.715,9,9,3.9,0.255,0.459,0.3,0.321,0.302,0.205,90.4,18.3,35.9,9.0,8/1/1989,Hickory,North Carolina,USA,9/8/2009,9/8/2009,10,False,16.300417207752275
MARCOESTRADA,31,TOR,34,181.0,3.8,3900000,estrama01,2015,Estrada, Marco,1,462136,2015,31,34,181.0,725,659,134,24,131,55,18.1,7.6,0.203,0.364,0.268,0.632,13,8,3.13,0.218,0.372,0.276,0.288,0.283,0.155,87.8,20.4,31.0,5.3,7/5/1983,Sonora,Sonora,Mexico,8/20/2008,8/20/2008,7,True,15.176487111099874
MARCOESTRADA,32,TOR,29,176.0,3.6,11500000,estrama01,2016,Estrada, Marco,1,462136,2016,32,29,176.0,723,651,132,23,165,65,22.8,9.0,0.203,0.361,0.278,0.639,9,9,3.48,0.221,0.377,0.279,0.296,0.297,0.156,88.1,21.3,31.9,7.4,7/5/1983,Sonora,Sonora,Mexico,8/20/2008,8/20/2008,8,True,16.25785759333348
MARCOESTRADA,33,TOR,33,186.0,1.7,14500000,estrama01,2017,Estrada, Marco,1,462136,2017,33,33,186.0,806,726,186,31,176,71,21.8,8.8,0.256,0.463,0.321,0.784,10,9,4.98,0.229,0.409,0.333,0.305,0.298,0.179,87.0,21.8,30.8,7.0,7/5/1983,Sonora,Sonora,Mexico,8/20/2008,8/20/2008,9,True,16.489659207390805
MARCOGONZALES,30,SEA,32,183.0,-0.1,5750000,gonzama02,2022,Gonzales, Marco,1,594835,2022,30,32,183.0,783,717,194,30,103,50,13.2,6.4,0.271,0.457,0.321,0.778,10,15,4.13,0.267,0.435,0.337,0.33,0.32,0.169,86.7,14.5,32.3,7.2,2/16/1992,Fort Collins,Colorado,USA,6/25/2014,6/25/2014,8,False,15.564710412773533
MARCUSSTROMAN,26,TOR,33,201.0,5.1,3400000,stromma01,2017,Stroman, Marcus,1,573186,2017,26,33,201.0,834,762,201,21,164,62,19.7,7.4,0.264,0.392,0.323,0.715,13,9,3.09,0.263,0.394,0.31,0.314,0.323,0.131,88.7,0.6,24.3,5.0,5/1/1991,Medford,New York,USA,5/4/2014,5/4/2014,3,False,15.03928598958639
MARCUSSTROMAN,28,2TM,32,184.1,4.1,7400000,stromma01,2019,Stroman, Marcus,1,573186,2019,28,32,184.1,774,711,183,18,159,58,20.5,7.5,0.257,0.384,0.313,0.697,10,13,3.22,0.242,0.37,0.299,0.292,0.3,0.128,88.2,5.6,27.2,4.1,5/1/1991,Medford,New York,USA,5/4/2014,5/4/2014,5,False,15.816990558174398
MARCUSSTROMAN,30,NYM,33,179.0,3.4,18900000,stromma01,2021,Stroman, Marcus,1,573186,2021,30,33,179.0,730,665,161,17,158,44,21.6,6.0,0.242,0.362,0.29,0.653,10,13,3.02,0.262,0.418,0.284,0.318,0.313,0.156,89.1,6.3,33.6,6.5,5/1/1991,Medford,New York,USA,5/4/2014,5/4/2014,7,False,16.75467248002987
MARKBUEHRLE,36,TOR,32,198.2,1.2,20000000,buehrma01,2015,Buehrle, Mark,0,279824,2015,36,32,198.2,827,768,214,22,91,33,11.0,4.0,0.279,0.44,0.307,0.747,15,8,3.81,0.285,0.457,0.321,0.335,0.319,0.171,87.0,11.7,33.3,4.9,3/23/1979,St. Charles,Missouri,USA,7/16/2000,7/16/2000,15,False,16.811242831518264
MARTINPEREZ,25,TEX,33,198.2,2.0,2900000,perezma02,2016,Perez, Martin,1,527048,2016,25,33,198.2,855,758,205,18,103,76,12.0,8.9,0.27,0.404,0.333,0.737,10,11,4.39,0.288,0.457,0.323,0.354,0.356,0.169,89.6,6.5,31.5,6.0,4/4/1991,Guanare,Portuguesa,Venezuela,6/27/2012,6/27/2012,4,True,14.880221294956703
MARTINPEREZ,26,TEX,32,185.0,2.3,4400000,perezma02,2017,Perez, Martin,1,527048,2017,26,32,185.0,811,735,221,23,115,63,14.2,7.8,0.301,0.453,0.358,0.811,13,12,4.82,0.296,0.469,0.349,0.356,0.357,0.173,87.1,9.8,35.7,5.4,4/4/1991,Guanare,Portuguesa,Venezuela,6/27/2012,6/27/2012,5,True,15.29711509888849
MARTINPEREZ,28,MIN,32,165.1,0.4,3500000,perezma02,2019,Perez, Martin,1,527048,2019,28,32,165.1,737,659,184,23,135,67,18.3,9.1,0.279,0.439,0.345,0.783,10,7,5.12,0.245,0.385,0.334,0.306,0.316,0.14,86.2,9.5,33.8,5.3,4/4/1991,Guanare,Portuguesa,Venezuela,6/27/2012,6/27/2012,7,True,15.068273526459642
MARTINPEREZ,31,TEX,32,196.1,5.0,4000000,perezma02,2022,Perez, Martin,1,527048,2022,31,32,196.1,821,738,178,11,169,69,20.6,8.4,0.241,0.336,0.308,0.644,12,8,2.89,0.242,0.346,0.289,0.295,0.311,0.105,88.2,8.1,30.9,4.3,4/4/1991,Guanare,Portuguesa,Venezuela,6/27/2012,6/27/2012,10,True,15.201804919084164
MASAHIROTANAKA,27,NYY,31,199.2,5.2,22000000,tanakma01,2016,Tanaka, Masahiro,1,547888,2016,27,31,199.2,805,759,179,22,165,36,20.5,4.5,0.236,0.373,0.271,0.644,14,4,3.07,0.25,0.388,0.278,0.293,0.288,0.137,88.9,9.0,31.6,4.3,11/1/1988,Itami,Hyogo,Japan,4/4/2014,4/4/2014,2,True,16.90655301132259
MASAHIROTANAKA,28,NYY,30,178.1,1.1,22000000,tanakma01,2017,Tanaka, Masahiro,1,547888,2017,28,30,178.1,752,700,180,35,194,41,25.8,5.5,0.257,0.467,0.303,0.77,13,12,4.74,0.247,0.444,0.326,0.315,0.295,0.197,88.0,8.8,34.6,8.6,11/1/1988,Itami,Hyogo,Japan,4/4/2014,4/4/2014,3,True,16.90655301132259
MASAHIROTANAKA,30,NYY,32,182.0,1.9,22000000,tanakma01,2019,Tanaka, Masahiro,1,547888,2019,30,32,182.0,759,713,186,28,149,40,19.6,5.3,0.261,0.45,0.3,0.751,11,9,4.45,0.26,0.43,0.314,0.314,0.302,0.17,89.0,11.0,32.6,6.0,11/1/1988,Itami,Hyogo,Japan,4/4/2014,4/4/2014,5,True,16.90655301132259
MATTMOORE,27,2TM,33,198.1,2.1,5000000,moorema02,2016,Moore, Matt,0,519043,2016,27,33,198.1,838,752,184,25,178,72,21.2,8.6,0.245,0.38,0.313,0.693,13,12,4.08,0.241,0.414,0.304,0.317,0.314,0.173,88.8,17.1,30.9,6.4,6/18/1989,Fort Walton Beach,Florida,USA,9/14/2011,9/14/2011,5,False,15.424948470398375
MATTMOORE,28,SFG,32,174.1,-0.1,7000000,moorema02,2017,Moore, Matt,0,519043,2017,28,32,174.1,790,706,200,27,148,67,18.7,8.5,0.283,0.486,0.347,0.833,6,15,5.52,0.275,0.509,0.354,0.361,0.344,0.234,89.6,15.7,36.4,9.0,6/18/1989,Fort Walton Beach,Florida,USA,9/14/2011,9/14/2011,6,False,15.761420707019587
MAXFRIED,27,ATL,28,165.2,4.2,3500000,friedma01,2021,Fried, Max,0,608331,2021,27,28,165.2,667,612,139,15,158,41,23.7,6.1,0.227,0.353,0.28,0.633,14,7,3.04,0.234,0.364,0.278,0.288,0.289,0.13,86.5,6.1,31.2,6.3,1/18/1994,Santa Monica,California,USA,8/8/2017,8/8/2017,4,False,15.068273526459642
MAXFRIED,28,ATL,30,185.1,5.9,6850000,friedma01,2022,Fried, Max,0,608331,2022,28,30,185.1,733,692,156,12,170,32,23.2,4.4,0.225,0.319,0.262,0.581,14,7,2.48,0.227,0.328,0.255,0.264,0.266,0.101,86.2,7.6,29.4,4.0,1/18/1994,Santa Monica,California,USA,8/8/2017,8/8/2017,5,False,15.739759210238407
MAXSCHERZER,30,WSN,33,228.2,6.9,17142000,scherma01,2015,Scherzer, Max,0,453286,2015,30,33,228.2,899,847,176,27,276,34,30.7,3.8,0.208,0.358,0.239,0.597,14,12,2.79,0.202,0.34,0.259,0.253,0.238,0.137,87.1,17.1,33.2,5.8,7/27/1984,St. Louis,Missouri,USA,4/29/2008,4/29/2008,7,False,16.657042150440965
MAXSCHERZER,31,WSN,34,228.1,6.2,22143000,scherma01,2016,Scherzer, Max,0,453286,2016,31,34,228.1,902,830,165,31,284,56,31.5,6.2,0.199,0.365,0.252,0.617,20,7,2.96,0.197,0.336,0.267,0.259,0.254,0.138,87.2,19.4,30.8,6.1,7/27/1984,St. Louis,Missouri,USA,4/29/2008,4/29/2008,8,False,16.9130319774203
MAXSCHERZER,32,WSN,31,200.2,7.2,22143000,scherma01,2017,Scherzer, Max,0,453286,2017,32,31,200.2,780,709,126,22,268,55,34.4,7.1,0.178,0.319,0.246,0.565,16,6,2.51,0.177,0.305,0.247,0.243,0.247,0.128,86.5,19.1,31.4,5.6,7/27/1984,St. Louis,Missouri,USA,4/29/2008,4/29/2008,9,False,16.9130319774203
MAXSCHERZER,33,WSN,33,220.2,7.9,22143000,scherma01,2018,Scherzer, Max,0,453286,2018,33,33,220.2,866,797,150,23,300,51,34.6,5.9,0.188,0.332,0.246,0.578,18,7,2.53,0.185,0.316,0.252,0.248,0.245,0.131,86.6,20.7,33.8,6.6,7/27/1984,St. Louis,Missouri,USA,4/29/2008,4/29/2008,10,False,16.9130319774203
MAXSCHERZER,34,WSN,27,172.1,5.2,37505562,scherma01,2019,Scherzer, Max,0,453286,2019,34,27,172.1,693,650,144,18,243,33,35.1,4.8,0.222,0.371,0.266,0.636,11,7,2.92,0.203,0.336,0.269,0.254,0.25,0.133,87.6,13.5,35.2,6.6,7/27/1984,St. Louis,Missouri,USA,4/29/2008,4/29/2008,11,False,17.439999799942317
MAXSCHERZER,36,2TM,30,179.1,6.1,34503480,scherma01,2021,Scherzer, Max,0,453286,2021,36,30,179.1,693,644,119,23,236,36,34.1,5.2,0.185,0.331,0.238,0.569,15,4,2.46,0.196,0.353,0.248,0.263,0.249,0.157,87.9,19.3,33.6,8.0,7/27/1984,St. Louis,Missouri,USA,4/29/2008,4/29/2008,13,False,17.356570746479814
MERRILLKELLY,30,ARI,32,183.1,1.2,2000000,kellyme01,2019,Kelly, Merrill,0,518876,2019,30,32,183.1,777,709,184,29,158,57,20.3,7.3,0.26,0.447,0.313,0.76,13,14,4.42,0.271,0.493,0.318,0.345,0.327,0.222,89.9,12.5,33.2,9.5,10/14/1988,Houston,Texas,USA,4/1/2019,4/1/2019,0,False,14.508657738524219
MERRILLKELLY,33,ARI,33,200.1,3.7,5250000,kellyme01,2022,Kelly, Merrill,0,518876,2022,33,33,200.1,804,739,167,21,177,61,22.0,7.6,0.226,0.371,0.286,0.657,13,8,3.37,0.23,0.383,0.289,0.296,0.291,0.153,88.5,14.0,31.2,8.3,10/14/1988,Houston,Texas,USA,4/1/2019,4/1/2019,3,False,15.473738634567807
MICHAELPINEDA,27,NYY,32,175.2,1.1,4300000,pinedmi01,2016,Pineda, Michael,1,501381,2016,27,32,175.2,756,693,184,27,207,53,27.4,7.0,0.266,0.462,0.321,0.783,6,12,4.82,0.234,0.41,0.335,0.304,0.294,0.175,89.8,9.5,35.6,6.7,1/18/1989,Yaguate,San Cristobal,Dominican Republic,4/5/2011,4/5/2011,5,True,15.27412558066379
MICHAELWACHA,25,STL,30,165.2,1.5,2775000,wachami01,2017,Wacha, Michael,1,608379,2017,25,30,165.2,701,636,170,17,158,55,22.5,7.8,0.267,0.409,0.325,0.734,12,9,4.13,0.25,0.391,0.316,0.305,0.312,0.141,87.2,9.8,32.4,5.6,7/1/1991,Iowa City,Iowa,USA,5/30/2013,5/30/2013,4,False,14.836161305162673
MIKEFOLTYNEWICZ,26,ATL,31,183.0,4.2,2200000,foltymi01,2018,Foltynewicz, Mike,0,592314,2018,26,31,183.0,744,666,130,17,202,68,27.2,9.1,0.195,0.324,0.274,0.599,13,10,2.85,0.202,0.33,0.265,0.274,0.283,0.128,88.6,13.9,30.8,6.9,10/7/1991,Sterling,Illinois,USA,8/2/2014,8/2/2014,4,False,14.603967918328545
MIKELEAKE,27,2TM,30,192.0,2.9,9775000,leakemi01,2015,Leake, Mike,0,502190,2015,27,30,192.0,778,717,174,22,119,49,15.3,6.3,0.243,0.393,0.29,0.684,11,10,3.7,0.274,0.432,0.296,0.33,0.325,0.158,88.8,6.9,31.0,5.3,11/12/1987,San Diego,California,USA,4/11/2010,4/11/2010,5,False,16.095338663835705
MIKELEAKE,28,STL,30,176.2,0.6,12000000,leakemi01,2016,Leake, Mike,0,502190,2016,28,30,176.2,757,705,203,20,125,30,16.5,4.0,0.288,0.437,0.317,0.754,9,12,4.69,0.28,0.449,0.323,0.327,0.313,0.17,89.0,6.2,29.7,6.2,11/12/1987,San Diego,California,USA,4/11/2010,4/11/2010,6,False,16.300417207752275
MIKELEAKE,29,2TM,31,186.0,1.8,15000000,leakemi01,2017,Leake, Mike,0,502190,2017,29,31,186.0,782,724,201,20,130,37,16.6,4.7,0.278,0.424,0.316,0.74,10,13,3.92,0.273,0.433,0.316,0.32,0.315,0.16,87.6,6.1,30.9,5.1,11/12/1987,San Diego,California,USA,4/11/2010,4/11/2010,7,False,16.523560759066484
MIKELEAKE,30,SEA,31,185.2,1.5,17000000,leakemi01,2018,Leake, Mike,0,502190,2018,30,31,185.2,784,739,207,23,119,34,15.2,4.3,0.28,0.447,0.315,0.762,10,10,4.36,0.298,0.471,0.326,0.348,0.333,0.173,89.7,8.5,35.4,6.7,11/12/1987,San Diego,California,USA,4/11/2010,4/11/2010,8,False,16.64872390202049
MIKELEAKE,31,2TM,32,197.0,1.3,16000000,leakemi01,2019,Leake, Mike,0,502190,2019,31,32,197.0,835,793,227,41,127,27,15.2,3.2,0.286,0.506,0.316,0.822,12,11,4.29,0.294,0.519,0.341,0.354,0.325,0.225,90.7,11.6,31.4,8.8,11/12/1987,San Diego,California,USA,4/11/2010,4/11/2010,9,False,16.588099280204055
MIKEMINOR,31,TEX,32,208.1,8.0,9833333,minormi01,2019,Minor, Mike,0,501985,2019,31,32,208.1,863,779,190,30,200,68,23.2,7.9,0.244,0.395,0.307,0.702,14,10,3.59,0.228,0.389,0.301,0.298,0.296,0.161,86.9,16.5,31.6,7.0,12/26/1987,Chapel Hill,Tennessee,USA,8/9/2010,8/9/2010,9,False,16.10128849874363
MIKEPELFREY,31,MIN,30,164.2,1.5,5500000,pelfrmi01,2015,Pelfrey, Mike,0,460059,2015,31,30,164.2,714,651,198,11,86,45,12.0,6.3,0.304,0.413,0.357,0.77,6,11,4.26,0.294,0.433,0.339,0.348,0.351,0.139,88.3,7.0,33.1,4.6,1/14/1984,Wright Patterson AFB,Ohio,USA,7/8/2006,7/8/2006,9,False,15.520258650202699
MILESMIKOLAS,29,STL,32,200.2,5.0,7500000,mikolmi01,2018,Mikolas, Miles,0,571945,2018,29,32,200.2,808,760,186,16,146,29,18.1,3.6,0.245,0.35,0.275,0.625,18,4,2.83,0.245,0.379,0.271,0.286,0.279,0.134,86.7,8.2,31.5,5.1,8/23/1988,Jupiter,Florida,USA,5/5/2012,5/5/2012,6,False,15.830413578506539
MILESMIKOLAS,30,STL,32,184.0,1.7,8000000,mikolmi01,2019,Mikolas, Miles,0,571945,2019,30,32,184.0,764,710,193,27,144,32,18.8,4.2,0.272,0.449,0.31,0.76,9,14,4.16,0.278,0.451,0.319,0.33,0.321,0.173,88.5,10.3,33.0,6.1,8/23/1988,Jupiter,Florida,USA,5/5/2012,5/5/2012,7,False,15.89495209964411
MILESMIKOLAS,33,STL,33,202.1,2.4,17000000,mikolmi01,2022,Mikolas, Miles,0,571945,2022,33,33,202.1,805,751,170,25,153,39,19.0,4.8,0.226,0.373,0.267,0.64,12,13,3.29,0.252,0.4,0.279,0.306,0.294,0.148,87.8,11.0,35.1,6.9,8/23/1988,Jupiter,Florida,USA,5/5/2012,5/5/2012,10,False,16.64872390202049
NATHANEOVALDI,31,BOS,32,182.1,4.3,17000000,eovalna01,2021,Eovaldi, Nathan,1,543135,2021,31,32,182.1,764,719,182,15,195,35,25.5,4.6,0.253,0.402,0.293,0.695,11,9,3.75,0.238,0.366,0.298,0.283,0.281,0.127,88.0,12.8,37.0,6.3,2/13/1990,Houston,Texas,USA,8/6/2011,8/6/2011,10,False,16.64872390202049
NICKPIVETTA,29,BOS,33,179.2,2.6,2650000,pivetni01,2022,Pivetta, Nick,0,601713,2022,29,33,179.2,773,691,175,27,175,73,22.6,9.4,0.253,0.425,0.327,0.753,10,12,4.56,0.248,0.433,0.33,0.332,0.324,0.185,90.7,15.2,36.3,9.0,2/14/1993,Victoria,British Columbia,Canada,4/30/2017,4/30/2017,5,True,14.790070197962406
NOAHSYNDERGAARD,26,NYM,32,197.2,2.2,6000000,syndeno01,2019,Syndergaard, Noah,0,592789,2019,26,32,197.2,825,758,194,24,202,50,24.5,6.1,0.256,0.41,0.303,0.713,10,8,4.28,0.23,0.365,0.301,0.28,0.281,0.135,86.8,9.8,29.8,4.9,8/29/1992,Mansfield,Texas,USA,5/12/2015,5/12/2015,4,False,15.60727002719233
PABLOLOPEZ,26,MIA,32,180.0,2.9,2450000,lopezpa01,2022,Lopez, Pablo,1,641154,2022,26,32,180.0,736,671,157,21,174,53,23.6,7.2,0.234,0.404,0.296,0.7,10,10,3.75,0.239,0.378,0.305,0.301,0.302,0.138,87.9,11.0,33.7,9.0,3/7/1996,Cabimas,Zulia,Venezuela,6/30/2018,6/30/2018,4,True,14.71159858252091
PATRICKCORBIN,27,ARI,33,189.2,2.6,3950000,corbipa01,2017,Corbin, Patrick,0,571578,2017,27,33,189.2,826,753,208,26,178,61,21.5,7.4,0.276,0.461,0.329,0.79,14,13,4.03,0.264,0.427,0.333,0.32,0.321,0.163,87.9,7.8,30.1,6.7,7/19/1989,Clay,New York,USA,4/30/2012,4/30/2012,5,False,15.189226136877304
PATRICKCORBIN,28,ARI,33,200.0,4.4,7500000,corbipa01,2018,Corbin, Patrick,0,571578,2018,28,33,200.0,800,742,162,15,246,48,30.8,6.0,0.218,0.337,0.269,0.606,11,7,3.15,0.233,0.362,0.265,0.283,0.284,0.129,88.4,7.8,31.1,5.8,7/19/1989,Clay,New York,USA,4/30/2012,4/30/2012,6,False,15.830413578506539
PATRICKCORBIN,29,WSN,33,202.0,5.0,12916666,corbipa01,2019,Corbin, Patrick,0,571578,2019,29,33,202.0,835,746,169,24,238,70,28.5,8.4,0.227,0.375,0.29,0.665,14,7,3.25,0.228,0.414,0.285,0.304,0.296,0.186,89.9,8.4,31.7,9.4,7/19/1989,Clay,New York,USA,4/30/2012,4/30/2012,7,False,16.374028973482616
PATRICKCORBIN,31,WSN,31,171.2,-1.2,24416667,corbipa01,2021,Corbin, Patrick,0,571578,2021,31,31,171.2,751,672,192,37,143,60,19.0,8.0,0.286,0.51,0.34,0.85,9,16,5.82,0.282,0.493,0.362,0.358,0.343,0.211,89.4,9.0,32.9,9.2,7/19/1989,Clay,New York,USA,4/30/2012,4/30/2012,9,False,17.010776530845217
RADICKEY,40,TOR,33,214.1,2.6,12000000,dicker.01,2015,Dickey, R.A.,0,285079,2015,40,33,214.1,884,798,195,25,126,61,14.3,6.9,0.244,0.405,0.302,0.707,11,11,3.91,0.254,0.398,0.307,0.315,0.315,0.144,87.4,12.5,32.7,4.4,10/29/1974,Nashville,Tennessee,USA,4/22/2001,4/22/2001,14,False,16.300417207752275
RADICKEY,41,TOR,30,169.2,0.4,12000000,dicker.01,2016,Dickey, R.A.,0,285079,2016,41,30,169.2,728,655,169,28,126,63,17.3,8.7,0.258,0.461,0.327,0.788,10,15,4.46,0.275,0.468,0.338,0.35,0.344,0.193,87.6,12.8,34.7,7.3,10/29/1974,Nashville,Tennessee,USA,4/22/2001,4/22/2001,15,False,16.300417207752275
RADICKEY,42,ATL,31,190.0,2.2,7500000,dicker.01,2017,Dickey, R.A.,0,285079,2017,42,31,190.0,815,726,193,26,136,67,16.7,8.2,0.266,0.45,0.331,0.782,10,10,4.26,0.257,0.399,0.334,0.318,0.33,0.142,86.2,10.1,30.9,4.3,10/29/1974,Nashville,Tennessee,USA,4/22/2001,4/22/2001,16,False,15.830413578506539
RICKPORCELLO,26,BOS,28,172.0,0.5,12500000,porceri01,2015,Porcello, Rick,0,519144,2015,26,28,172.0,737,682,196,25,149,38,20.2,5.2,0.287,0.455,0.331,0.786,9,15,4.92,0.266,0.43,0.34,0.327,0.314,0.164,88.9,9.2,36.9,5.6,12/27/1988,Morristown,New Jersey,USA,4/9/2009,4/9/2009,6,False,16.34123920227253
RICKPORCELLO,27,BOS,33,223.0,4.7,20125000,porceri01,2016,Porcello, Rick,0,519144,2016,27,33,223.0,890,840,193,23,189,32,21.2,3.6,0.23,0.367,0.267,0.634,22,4,3.15,0.244,0.416,0.274,0.301,0.283,0.172,88.4,13.7,32.8,7.0,12/27/1988,Morristown,New Jersey,USA,4/9/2009,4/9/2009,7,False,16.8174733812689
RICKPORCELLO,28,BOS,33,203.1,-0.4,20125000,porceri01,2017,Porcello, Rick,0,519144,2017,28,33,203.1,885,824,236,38,181,48,20.5,5.4,0.286,0.498,0.328,0.825,11,17,4.65,0.27,0.477,0.348,0.337,0.314,0.207,88.2,14.4,36.5,8.0,12/27/1988,Morristown,New Jersey,USA,4/9/2009,4/9/2009,8,False,16.8174733812689
RICKPORCELLO,29,BOS,33,191.1,2.5,21125000,porceri01,2018,Porcello, Rick,0,519144,2018,29,33,191.1,808,735,177,27,190,48,23.5,5.9,0.241,0.399,0.298,0.697,17,7,4.28,0.243,0.403,0.303,0.311,0.304,0.16,89.0,12.4,33.8,7.0,12/27/1988,Morristown,New Jersey,USA,4/9/2009,4/9/2009,9,False,16.865967731207512
RICKPORCELLO,30,BOS,32,174.1,0.9,21125000,porceri01,2019,Porcello, Rick,0,519144,2019,30,32,174.1,768,712,198,31,143,45,18.6,5.9,0.278,0.483,0.324,0.807,14,12,5.52,0.261,0.478,0.338,0.331,0.31,0.217,88.4,15.7,34.0,9.4,12/27/1988,Morristown,New Jersey,USA,4/9/2009,4/9/2009,10,False,16.865967731207512
RICKYNOLASCO,33,2TM,32,197.2,1.9,12000000,nolasri01,2016,Nolasco, Ricky,1,445060,2016,33,32,197.2,817,756,202,26,144,44,17.6,5.4,0.267,0.435,0.307,0.742,8,14,4.42,0.262,0.433,0.318,0.318,0.306,0.171,88.7,11.6,33.8,6.4,12/13/1982,Corona,California,USA,4/5/2006,4/5/2006,10,False,16.300417207752275
RICKYNOLASCO,34,LAA,33,181.0,0.5,12000000,nolasri01,2017,Nolasco, Ricky,1,445060,2017,34,33,181.0,787,716,205,35,143,58,18.2,7.4,0.286,0.508,0.338,0.846,6,15,4.92,0.291,0.518,0.357,0.366,0.346,0.227,90.0,14.6,36.6,8.4,12/13/1982,Corona,California,USA,4/5/2006,4/5/2006,11,False,16.300417207752275
ROBBIERAY,27,ARI,33,174.1,1.6,6050000,rayro02,2019,Ray, Robbie,0,592662,2019,27,33,174.1,747,642,150,30,235,84,31.5,11.2,0.234,0.441,0.32,0.761,12,8,4.34,0.228,0.429,0.322,0.322,0.323,0.201,88.9,14.8,38.9,10.7,10/1/1991,Brentwood,Tennessee,USA,5/6/2014,5/6/2014,5,False,15.615568830007025
ROBBIERAY,29,TOR,32,193.1,6.9,8000000,rayro02,2021,Ray, Robbie,0,592662,2021,29,32,193.1,773,714,150,33,248,52,32.1,6.7,0.21,0.401,0.266,0.667,13,7,2.84,0.219,0.398,0.287,0.293,0.276,0.18,90.4,17.6,34.3,9.8,10/1/1991,Brentwood,Tennessee,USA,5/6/2014,5/6/2014,7,False,15.89495209964411
ROBBIERAY,30,SEA,32,189.0,2.1,21000000,rayro02,2022,Ray, Robbie,0,592662,2022,30,32,189.0,775,705,163,32,212,62,27.4,8.0,0.231,0.423,0.299,0.722,12,12,3.71,0.22,0.372,0.315,0.294,0.291,0.152,89.9,14.9,33.0,7.9,10/1/1991,Brentwood,Tennessee,USA,5/6/2014,5/6/2014,8,False,16.860032995687696
SANDYALCANTARA,26,MIA,32,228.2,7.8,3800000,alcansa01,2022,Alcantara, Sandy,1,645261,2022,26,32,228.2,886,820,174,16,207,50,23.4,5.6,0.212,0.324,0.263,0.587,14,9,2.28,0.215,0.331,0.26,0.266,0.268,0.116,87.8,5.5,28.4,5.3,9/7/1995,Azua,Azua,Dominican Republic,9/3/2017,9/3/2017,5,True,15.150511624696614
SCOTTKAZMIR,31,2TM,31,183.0,3.0,13000000,kazmisc01,2015,Kazmir, Scott,0,431148,2015,31,31,183.0,763,684,162,20,155,59,20.3,7.7,0.237,0.374,0.301,0.676,7,11,3.1,0.247,0.396,0.298,0.317,0.316,0.149,87.4,12.5,35.4,5.2,1/24/1984,Houston,Texas,USA,8/23/2004,8/23/2004,11,False,16.38045991542581
SEANMANAEA,29,OAK,32,179.1,3.2,5950000,manaese01,2021,Manaea, Sean,1,640455,2021,29,32,179.1,754,702,179,25,194,41,25.7,5.4,0.255,0.415,0.304,0.718,11,10,3.91,0.249,0.419,0.31,0.312,0.3,0.17,90.2,13.3,34.5,8.0,2/1/1992,Valparaiso,Indiana,USA,4/29/2016,4/29/2016,5,False,15.598901777521812
SHANEBIEBER,27,CLE,31,200.0,3.6,6000000,biebesh01,2022,Bieber, Shane,0,669456,2022,27,31,200.0,791,747,172,18,198,36,25.0,4.6,0.23,0.347,0.265,0.612,13,8,2.88,0.245,0.386,0.269,0.292,0.281,0.141,89.9,10.0,32.4,7.2,5/31/1995,Orange,California,USA,5/31/2018,5/31/2018,4,False,15.60727002719233
SHOHEIOHTANI,27,LAA,28,166.0,6.2,5500000,ohtansh01,2022,Ohtani, Shohei,1,660271,2022,27,28,166.0,660,610,124,14,219,44,33.2,6.7,0.203,0.316,0.258,0.574,15,9,2.33,0.204,0.311,0.255,0.256,0.26,0.107,87.1,14.5,32.0,6.3,7/5/1994,Oshu,Iwate,Japan,3/29/2018,3/29/2018,4,True,15.520258650202699
SONNYGRAY,27,2TM,27,162.1,2.5,3575000,grayso01,2017,Gray, Sonny,0,543243,2017,27,27,162.1,678,615,139,19,153,57,22.6,8.4,0.226,0.374,0.294,0.667,10,12,3.55,0.245,0.404,0.29,0.31,0.312,0.159,87.4,5.4,29.5,6.2,11/7/1989,Nashville,Tennessee,USA,7/10/2013,7/10/2013,4,False,15.089475734110245
SONNYGRAY,29,CIN,31,175.1,6.2,7500000,grayso01,2019,Gray, Sonny,0,543243,2019,29,31,175.1,708,622,122,17,205,68,29.0,9.6,0.196,0.325,0.278,0.603,11,8,2.87,0.209,0.354,0.265,0.286,0.295,0.145,88.1,9.1,30.1,6.8,11/7/1989,Nashville,Tennessee,USA,7/10/2013,7/10/2013,6,False,15.830413578506539
STEPHENSTRASBURG,28,WSN,28,175.1,6.3,18333334,strasst01,2017,Strasburg, Stephen,0,544931,2017,28,28,175.1,701,641,131,13,204,47,29.1,6.7,0.204,0.317,0.264,0.581,15,4,2.52,0.204,0.333,0.252,0.263,0.268,0.128,87.3,10.8,28.2,6.1,7/20/1988,San Diego,California,USA,6/8/2010,6/8/2010,7,False,16.724231490892272
STEPHENSTRASBURG,30,WSN,33,209.0,5.6,38333333,strasst01,2019,Strasburg, Stephen,0,544931,2019,30,33,209.0,841,768,161,24,251,56,29.8,6.7,0.21,0.349,0.27,0.619,18,6,3.32,0.211,0.337,0.265,0.267,0.274,0.126,87.9,7.8,29.8,6.1,7/20/1988,San Diego,California,USA,6/8/2010,6/8/2010,9,False,17.46183038896376
TANNERROARK,30,WSN,32,181.1,1.3,4315000,roarkta01,2017,Roark, Tanner,0,543699,2017,30,32,181.1,776,701,178,23,166,64,21.4,8.2,0.254,0.408,0.32,0.728,13,11,4.67,0.256,0.403,0.313,0.315,0.323,0.147,86.9,10.0,34.8,5.4,10/5/1986,Wilmington,Illinois,USA,8/7/2013,8/7/2013,4,False,15.277607882499666
TANNERROARK,31,WSN,31,180.1,2.2,6475000,roarkta01,2018,Roark, Tanner,0,543699,2018,31,31,180.1,760,690,181,24,146,50,19.2,6.6,0.262,0.422,0.317,0.739,9,15,4.34,0.255,0.418,0.319,0.318,0.313,0.163,87.8,14.5,32.7,6.0,10/5/1986,Wilmington,Illinois,USA,8/7/2013,8/7/2013,5,False,15.683459165549875
TANNERROARK,32,2TM,31,165.1,2.5,10000000,roarkta01,2019,Roark, Tanner,0,543699,2019,32,31,165.1,722,655,180,28,158,51,21.9,7.1,0.275,0.467,0.338,0.805,10,10,4.35,0.269,0.466,0.34,0.342,0.336,0.197,89.0,15.5,37.1,8.4,10/5/1986,Wilmington,Illinois,USA,8/7/2013,8/7/2013,6,False,16.11809565095832
TOMKOEHLER,30,MIA,33,176.2,0.7,3500000,koehlto01,2016,Koehler, Tom,0,543408,2016,30,33,176.2,774,675,176,22,147,83,19.0,10.7,0.261,0.421,0.341,0.762,9,13,4.33,0.26,0.417,0.33,0.333,0.347,0.157,87.8,12.0,36.4,6.7,6/29/1986,Bronx,New York,USA,9/5/2012,9/5/2012,4,False,15.068273526459642
TREVORBAUER,24,CLE,31,176.0,1.6,1940000,bauertr01,2015,Bauer, Trevor,0,545333,2015,24,31,176.0,744,655,152,23,170,79,22.8,10.6,0.232,0.394,0.317,0.711,11,12,4.55,0.229,0.376,0.314,0.31,0.318,0.147,88.1,15.9,31.8,5.9,1/17/1991,North Hollywood,California,USA,6/28/2012,6/28/2012,3,False,14.47819853103951
TREVORBAUER,26,CLE,32,176.1,2.9,3550000,bauertr01,2017,Bauer, Trevor,0,545333,2017,26,32,176.1,749,680,181,25,196,60,26.2,8.0,0.266,0.446,0.328,0.774,17,9,4.19,0.25,0.422,0.332,0.32,0.316,0.172,89.4,9.7,36.1,7.8,1/17/1991,North Hollywood,California,USA,6/28/2012,6/28/2012,5,False,15.082458161451598
TREVORBAUER,27,CLE,28,175.1,6.0,6525000,bauertr01,2018,Bauer, Trevor,0,545333,2018,27,28,175.1,717,645,134,9,221,57,30.8,7.9,0.208,0.302,0.279,0.581,12,6,2.21,0.197,0.307,0.26,0.26,0.271,0.11,87.8,12.0,33.0,4.4,1/17/1991,North Hollywood,California,USA,6/28/2012,6/28/2012,6,False,15.69115151117303
TREVORBAUER,28,2TM,34,213.0,1.4,13000000,bauertr01,2019,Bauer, Trevor,0,545333,2019,28,34,213.0,911,800,184,34,253,82,27.8,9.0,0.23,0.429,0.313,0.742,11,13,4.48,0.223,0.402,0.316,0.31,0.31,0.178,88.7,16.4,33.8,8.6,1/17/1991,North Hollywood,California,USA,6/28/2012,6/28/2012,7,False,16.38045991542581
TYLERANDERSON,31,2TM,31,167.0,1.7,2500000,anderty01,2021,Anderson, Tyler,0,542881,2021,31,31,167.0,703,648,170,27,134,38,19.1,5.4,0.262,0.452,0.297,0.749,7,11,4.53,0.259,0.425,0.319,0.315,0.301,0.166,87.0,18.2,35.7,8.5,12/30/1989,Las Vegas,Nevada,USA,6/12/2016,6/12/2016,5,False,14.73180128983843
TYLERANDERSON,32,LAD,30,178.2,4.3,8000000,anderty01,2022,Anderson, Tyler,0,542881,2022,32,30,178.2,707,657,145,14,138,34,19.5,4.8,0.221,0.35,0.266,0.616,15,5,2.57,0.225,0.349,0.271,0.275,0.272,0.124,85.0,16.9,34.2,4.9,12/30/1989,Las Vegas,Nevada,USA,6/12/2016,6/12/2016,6,False,15.89495209964411
TYLERMAHLE,26,CIN,33,180.0,4.9,2200000,mahlety01,2021,Mahle, Tyler,0,641816,2021,26,33,180.0,759,674,158,24,210,64,27.7,8.4,0.234,0.396,0.306,0.702,13,6,3.75,0.229,0.363,0.308,0.298,0.305,0.134,87.8,13.3,34.1,6.5,9/29/1994,Newport Beach,California,USA,8/27/2017,8/27/2017,4,False,14.603967918328545
TYSONROSS,28,SDP,33,196.0,3.3,5250000,rossty01,2015,Ross, Tyson,1,475115,2015,28,33,196.0,823,725,172,9,212,84,25.8,10.2,0.237,0.33,0.321,0.65,10,12,3.26,0.212,0.304,0.292,0.277,0.301,0.091,87.4,1.9,25.0,3.3,4/22/1987,Berkeley,California,USA,4/7/2010,4/7/2010,5,False,15.473738634567807
UBALDOJIMENEZ,31,BAL,32,184.0,2.1,12250000,jimenub01,2015,Jimenez, Ubaldo,1,434622,2015,31,32,184.0,791,707,182,20,168,68,21.2,8.6,0.257,0.397,0.33,0.727,12,10,4.11,0.241,0.362,0.32,0.305,0.317,0.121,87.8,10.0,32.2,4.2,1/22/1984,Nagua,Sanchez,Dominican Republic,9/26/2006,9/26/2006,9,True,16.32103649495501
WADEMILEY,28,BOS,32,193.2,2.3,3666000,mileywa01,2015,Miley, Wade,0,489119,2015,28,32,193.2,831,758,201,17,147,64,17.7,7.7,0.265,0.416,0.324,0.739,11,11,4.46,0.252,0.39,0.323,0.311,0.313,0.138,87.4,7.9,33.8,4.5,11/13/1986,Hammond,Louisiana,USA,8/20/2011,8/20/2011,4,False,15.114611707381787
WADEMILEY,29,2TM,30,166.0,0.0,6167000,mileywa01,2016,Miley, Wade,0,489119,2016,29,30,166.0,711,649,187,25,137,49,19.3,6.9,0.288,0.467,0.34,0.807,9,13,5.37,0.277,0.464,0.346,0.345,0.336,0.187,89.0,9.1,35.1,6.7,11/13/1986,Hammond,Louisiana,USA,8/20/2011,8/20/2011,5,False,15.63472305397363
WADEMILEY,32,HOU,33,167.1,1.6,4500000,mileywa01,2019,Miley, Wade,0,489119,2019,32,33,167.1,720,646,164,23,140,61,19.4,8.5,0.254,0.406,0.319,0.725,14,6,3.98,0.245,0.384,0.311,0.307,0.318,0.138,87.5,8.3,29.0,4.3,11/13/1986,Hammond,Louisiana,USA,8/20/2011,8/20/2011,8,False,15.319587954740548
WADEMILEY,34,CIN,28,163.0,5.3,8000000,mileywa01,2021,Miley, Wade,0,489119,2021,34,28,163.0,690,627,166,17,125,50,18.1,7.2,0.265,0.408,0.317,0.726,12,7,3.37,0.252,0.398,0.317,0.312,0.311,0.146,85.7,8.0,31.8,6.1,11/13/1986,Hammond,Louisiana,USA,8/20/2011,8/20/2011,10,False,15.89495209964411
WALKERBUEHLER,26,LAD,33,207.2,7.1,3750000,buehlwa01,2021,Buehler, Walker,0,621111,2021,26,33,207.2,815,747,149,19,212,52,26.0,6.4,0.199,0.329,0.254,0.583,16,4,2.47,0.218,0.345,0.255,0.272,0.274,0.127,88.2,11.1,29.2,6.8,7/28/1994,Lexington,Kentucky,USA,9/7/2017,9/7/2017,4,False,15.137266397946593
YORDANOVENTURA,25,KCR,32,186.0,2.0,1200000,ventuyo01,2016,Ventura, Yordano,1,570649,2016,25,32,186.0,816,723,190,23,144,78,17.6,9.6,0.263,0.415,0.338,0.753,11,12,4.45,0.265,0.446,0.329,0.342,0.343,0.181,89.8,8.6,30.2,7.8,6/3/1991,Samana,Samana,Dominican Republic,9/17/2013,9/17/2013,3,True,13.997832114758229
YOVANIGALLARDO,29,TEX,33,184.1,4.1,14000000,gallayo01,2015,Gallardo, Yovani,1,451596,2015,29,33,184.1,793,720,193,15,121,68,15.3,8.6,0.268,0.399,0.33,0.729,13,11,3.42,0.272,0.389,0.32,0.323,0.337,0.116,88.2,8.9,33.0,2.8,2/27/1986,La Piedad,Michoacan,Mexico,6/18/2007,6/18/2007,8,True,16.454567887579532
YUDARVISH,30,2TM,31,186.2,4.1,11000000,darviyu01,2017,Darvish, Yu,1,506433,2017,30,31,186.2,766,697,159,27,209,58,27.3,7.6,0.228,0.397,0.291,0.689,10,12,3.86,0.233,0.379,0.296,0.295,0.298,0.145,86.2,13.2,35.7,6.3,8/16/1986,Osaka,Osaka,Japan,4/9/2012,4/9/2012,5,True,16.213405830762646
YUDARVISH,32,CHC,31,178.2,3.0,20000000,darviyu01,2019,Darvish, Yu,1,506433,2019,32,31,178.2,731,657,140,33,229,56,31.3,7.7,0.213,0.411,0.283,0.694,6,8,3.98,0.223,0.398,0.294,0.298,0.294,0.175,88.6,12.6,32.6,7.4,8/16/1986,Osaka,Osaka,Japan,4/9/2012,4/9/2012,7,True,16.811242831518264
YUDARVISH,34,SDP,30,166.1,1.4,19000000,darviyu01,2021,Darvish, Yu,1,506433,2021,34,30,166.1,681,623,138,28,199,44,29.2,6.5,0.222,0.429,0.279,0.708,8,11,4.22,0.208,0.376,0.301,0.282,0.269,0.168,88.2,16.6,35.1,8.8,8/16/1986,Osaka,Osaka,Japan,4/9/2012,4/9/2012,9,True,16.759949537130716
ZACKGREINKE,31,LAD,32,222.2,8.9,25000000,greinza01,2015,Greinke, Zack,0,425844,2015,31,32,222.2,843,790,148,14,200,40,23.7,4.7,0.187,0.276,0.229,0.505,19,3,1.66,0.211,0.318,0.225,0.255,0.255,0.107,87.3,9.8,28.1,4.0,10/21/1983,Orlando,Florida,USA,5/22/2004,5/22/2004,11,False,17.034386382832476
ZACKGREINKE,33,ARI,32,202.1,5.7,34000000,greinza01,2017,Greinke, Zack,0,425844,2017,33,32,202.1,801,749,172,25,215,45,26.8,5.6,0.23,0.387,0.271,0.658,17,7,3.2,0.225,0.395,0.282,0.288,0.27,0.171,87.4,10.2,31.6,7.4,10/21/1983,Orlando,Florida,USA,5/22/2004,5/22/2004,13,False,17.341871082580436
ZACKGREINKE,34,ARI,33,207.2,4.0,34000000,greinza01,2018,Greinke, Zack,0,425844,2018,34,33,207.2,839,784,181,28,199,43,23.7,5.1,0.231,0.39,0.274,0.664,15,11,3.21,0.245,0.406,0.286,0.303,0.29,0.161,87.9,10.4,35.4,6.4,10/21/1983,Orlando,Florida,USA,5/22/2004,5/22/2004,14,False,17.341871082580436
ZACKGREINKE,35,2TM,33,208.2,5.4,34500000,greinza01,2019,Greinke, Zack,0,425844,2019,35,33,208.2,810,767,175,21,187,30,23.1,3.7,0.228,0.364,0.258,0.622,18,5,2.93,0.239,0.39,0.263,0.282,0.271,0.151,87.5,11.0,34.1,6.3,10/21/1983,Orlando,Florida,USA,5/22/2004,5/22/2004,15,False,17.356469882001587
ZACKGREINKE,37,HOU,30,171.0,1.2,35000000,greinza01,2021,Greinke, Zack,0,425844,2021,37,30,171.0,697,652,164,30,120,36,17.2,5.2,0.252,0.434,0.29,0.724,11,6,4.16,0.266,0.43,0.309,0.32,0.307,0.164,88.3,10.6,35.3,6.5,10/21/1983,Orlando,Florida,USA,5/22/2004,5/22/2004,17,False,17.37085861945369
ZACKWHEELER,28,NYM,29,182.1,3.6,1900000,wheelza01,2018,Wheeler, Zack,0,554430,2018,28,29,182.1,744,668,150,14,179,55,24.1,7.4,0.225,0.32,0.288,0.608,12,7,3.31,0.219,0.334,0.272,0.278,0.287,0.115,86.1,11.3,32.9,4.8,5/30/1990,Smyrna,Georgia,USA,6/18/2013,6/18/2013,5,False,14.457364444136669
ZACKWHEELER,29,NYM,31,195.1,3.3,5975000,wheelza01,2019,Wheeler, Zack,0,554430,2019,29,31,195.1,828,760,196,22,195,50,23.6,6.0,0.258,0.391,0.3,0.69,11,8,3.96,0.245,0.393,0.294,0.297,0.296,0.148,87.0,12.3,34.5,5.3,5/30/1990,Smyrna,Georgia,USA,6/18/2013,6/18/2013,6,False,15.603094655781849
ZACKWHEELER,31,PHI,32,213.1,7.5,22500000,wheelza01,2021,Wheeler, Zack,0,554430,2021,31,32,213.1,849,785,169,16,247,46,29.1,5.4,0.215,0.321,0.263,0.584,14,10,2.78,0.215,0.318,0.257,0.259,0.265,0.103,84.6,8.4,31.2,4.6,5/30/1990,Smyrna,Georgia,USA,6/18/2013,6/18/2013,8,False,16.929025867174648
